2025-12-17T14:51:04.957+00:00,hum-sensor,humidity,63.7
2025-12-17T14:51:25.961+00:00,hum-sensor,humidity,56.9
2025-12-17T14:51:26.962+00:00,hum-sensor,humidity,83
2025-12-17T14:51:46.972+00:00,hum-sensor,humidity,32.4
2025-12-17T14:52:22.983+00:00,hum-sensor,humidity,80.2
2025-12-17T14:52:43.996+00:00,hum-sensor,humidity,60
2025-12-17T14:53:05+00:00,hum-sensor,humidity,75.3
2025-12-17T14:53:07.003+00:00,hum-sensor,humidity,72.5
2025-12-17T14:53:35.007+00:00,hum-sensor,humidity,86
2025-12-17T14:53:56.014+00:00,hum-sensor,humidity,33.6
2025-12-17T14:54:17.018+00:00,hum-sensor,humidity,80.1
2025-12-17T14:54:38.023+00:00,hum-sensor,humidity,31.8
2025-12-17T14:54:59.027+00:00,hum-sensor,humidity,66.9
2025-12-17T14:55:23.032+00:00,hum-sensor,humidity,36.7
2025-12-17T14:55:42.044+00:00,hum-sensor,humidity,82
2025-12-17T14:56:03.049+00:00,hum-sensor,humidity,63.8
2025-12-17T14:56:21.574+00:00,hum-sensor,humidity,67.1
2025-12-17T14:56:42.578+00:00,hum-sensor,humidity,52
2025-12-17T14:57:01.575+00:00,hum-sensor,humidity,33
2025-12-17T14:57:22.581+00:00,hum-sensor,humidity,62.6
2025-12-17T14:57:43.574+00:00,hum-sensor,humidity,57.6
2025-12-17T14:58:04.579+00:00,hum-sensor,humidity,62.9
2025-12-17T14:58:06.571+00:00,hum-sensor,humidity,85.9
2025-12-17T14:58:25.584+00:00,hum-sensor,humidity,76
2025-12-17T14:58:46.590+00:00,hum-sensor,humidity,57.9
2025-12-17T14:59:07.595+00:00,hum-sensor,humidity,61.6
2025-12-17T14:59:10.321+00:00,hum-sensor,humidity,56.1
2025-12-17T14:59:31.326+00:00,hum-sensor,humidity,86.6
2025-12-17T14:59:52.330+00:00,hum-sensor,humidity,76
2025-12-17T14:59:54.344+00:00,hum-sensor,humidity,36.8
2025-12-17T15:00:17.354+00:00,hum-sensor,humidity,89.2
2025-12-17T15:00:19.356+00:00,hum-sensor,humidity,89.4
2025-12-17T15:00:38.360+00:00,hum-sensor,humidity,59.9
2025-12-17T15:01:02.366+00:00,hum-sensor,humidity,43.2
2025-12-17T15:01:23.371+00:00,hum-sensor,humidity,54.6
2025-12-17T15:01:44.382+00:00,hum-sensor,humidity,69.4
2025-12-17T15:02:05.387+00:00,hum-sensor,humidity,84
2025-12-17T15:02:26.399+00:00,hum-sensor,humidity,81.6
2025-12-17T15:02:47.404+00:00,hum-sensor,humidity,65.7
2025-12-17T15:02:49.407+00:00,hum-sensor,humidity,61.4
2025-12-17T15:03:11.416+00:00,hum-sensor,humidity,72.8
2025-12-17T15:03:40.502+00:00,hum-sensor,humidity,36.8
2025-12-17T15:04:01.509+00:00,hum-sensor,humidity,78
2025-12-17T15:04:02.571+00:00,hum-sensor,humidity,34.1
2025-12-17T15:04:22.513+00:00,hum-sensor,humidity,63.8
2025-12-17T15:04:23.516+00:00,hum-sensor,humidity,47
2025-12-17T15:04:43.518+00:00,hum-sensor,humidity,64.9
2025-12-17T15:05:01.573+00:00,hum-sensor,humidity,36.9
2025-12-17T15:05:29.578+00:00,hum-sensor,humidity,33.3
2025-12-17T15:06:01.582+00:00,hum-sensor,humidity,49.5
2025-12-17T15:06:22.588+00:00,hum-sensor,humidity,62.7
2025-12-17T15:06:24.571+00:00,hum-sensor,humidity,84.7
2025-12-17T15:06:44.568+00:00,hum-sensor,humidity,64.9
2025-12-17T15:07:05.571+00:00,hum-sensor,humidity,65.8
2025-12-17T15:07:33.654+00:00,hum-sensor,humidity,66.6
2025-12-17T15:07:52.658+00:00,hum-sensor,humidity,35.1
2025-12-17T15:08:13.663+00:00,hum-sensor,humidity,53.4
2025-12-17T15:08:34.668+00:00,hum-sensor,humidity,58.2
2025-12-17T15:08:55.672+00:00,hum-sensor,humidity,63.8
2025-12-17T15:08:56.672+00:00,hum-sensor,humidity,88.4
2025-12-17T15:08:58.571+00:00,hum-sensor,humidity,63.5
2025-12-17T15:09:17.677+00:00,hum-sensor,humidity,75.9
2025-12-17T15:10:18.745+00:00,hum-sensor,humidity,37
2025-12-17T15:11:06.762+00:00,hum-sensor,humidity,59
2025-12-17T15:11:27.768+00:00,hum-sensor,humidity,47.9
2025-12-17T15:11:48.774+00:00,hum-sensor,humidity,85
2025-12-17T15:11:51.772+00:00,hum-sensor,humidity,79.3
2025-12-17T15:12:10.778+00:00,hum-sensor,humidity,49
2025-12-17T15:12:39.788+00:00,hum-sensor,humidity,42.1
2025-12-17T15:13:00.883+00:00,hum-sensor,humidity,36.9
2025-12-17T15:13:21.889+00:00,hum-sensor,humidity,30.8
2025-12-17T15:13:22.890+00:00,hum-sensor,humidity,65
2025-12-17T15:13:42.893+00:00,hum-sensor,humidity,55.1
2025-12-17T15:14:03.896+00:00,hum-sensor,humidity,39.4
2025-12-17T15:14:27.900+00:00,hum-sensor,humidity,89.3
2025-12-17T15:14:51.904+00:00,hum-sensor,humidity,81
2025-12-17T15:15:12.908+00:00,hum-sensor,humidity,39.7
2025-12-17T15:15:33.912+00:00,hum-sensor,humidity,58.2
2025-12-17T15:15:54.915+00:00,hum-sensor,humidity,52.1
2025-12-17T15:16:15.935+00:00,hum-sensor,humidity,62.6
2025-12-17T15:17:04.942+00:00,hum-sensor,humidity,38
2025-12-17T15:17:25.947+00:00,hum-sensor,humidity,44.4
2025-12-17T15:17:46.953+00:00,hum-sensor,humidity,49.9
2025-12-17T15:18:10.959+00:00,hum-sensor,humidity,84.8
2025-12-17T15:18:31.962+00:00,hum-sensor,humidity,38.3
2025-12-17T15:18:52.967+00:00,hum-sensor,humidity,70.8
2025-12-17T15:19:13.971+00:00,hum-sensor,humidity,57.7
2025-12-17T15:19:37.975+00:00,hum-sensor,humidity,74.1
2025-12-17T15:19:58.979+00:00,hum-sensor,humidity,77.5
2025-12-17T15:20:01.140+00:00,hum-sensor,humidity,72.6
2025-12-17T15:20:22.144+00:00,hum-sensor,humidity,36.5
2025-12-17T15:20:43.148+00:00,hum-sensor,humidity,64.1
2025-12-17T15:21:04.152+00:00,hum-sensor,humidity,78.8
2025-12-17T15:21:25.258+00:00,hum-sensor,humidity,72
2025-12-17T15:21:29.259+00:00,hum-sensor,humidity,38.9
2025-12-17T15:21:55.264+00:00,hum-sensor,humidity,46.2
2025-12-17T15:22:16.269+00:00,hum-sensor,humidity,69.1
2025-12-17T15:22:37.274+00:00,hum-sensor,humidity,78.8
2025-12-17T15:22:58.279+00:00,hum-sensor,humidity,32
2025-12-17T15:23:19.284+00:00,hum-sensor,humidity,56
2025-12-17T15:23:40.288+00:00,hum-sensor,humidity,45.7
2025-12-17T15:24:01.293+00:00,hum-sensor,humidity,52.5
2025-12-17T15:24:22.298+00:00,hum-sensor,humidity,63.3
2025-12-17T15:24:43.313+00:00,hum-sensor,humidity,81.5
2025-12-17T15:24:44.571+00:00,hum-sensor,humidity,48
2025-12-17T15:25:04.318+00:00,hum-sensor,humidity,79.2
2025-12-17T15:25:05.321+00:00,hum-sensor,humidity,40.9
2025-12-17T15:25:25.323+00:00,hum-sensor,humidity,78.4
2025-12-17T15:25:26.571+00:00,hum-sensor,humidity,81
2025-12-17T15:25:46.326+00:00,hum-sensor,humidity,45.2
2025-12-17T15:26:07.331+00:00,hum-sensor,humidity,85.8
2025-12-17T15:26:36.342+00:00,hum-sensor,humidity,79.3
2025-12-17T15:27:28.350+00:00,hum-sensor,humidity,52.1
2025-12-17T15:27:30.366+00:00,hum-sensor,humidity,52.8
2025-12-17T15:27:49.372+00:00,hum-sensor,humidity,52.4
2025-12-17T15:28:10.379+00:00,hum-sensor,humidity,38.6
2025-12-17T15:28:32.548+00:00,hum-sensor,humidity,88.9
2025-12-17T15:28:53.553+00:00,hum-sensor,humidity,46.2
2025-12-17T15:29:18.564+00:00,hum-sensor,humidity,77.2
2025-12-17T15:29:39.571+00:00,hum-sensor,humidity,75.8
2025-12-17T15:30:00.576+00:00,hum-sensor,humidity,39.5
2025-12-17T15:30:21.588+00:00,hum-sensor,humidity,78.6
2025-12-17T15:30:42.593+00:00,hum-sensor,humidity,78.3
2025-12-17T15:30:44.595+00:00,hum-sensor,humidity,39.3
2025-12-17T15:31:05.599+00:00,hum-sensor,humidity,58.3
2025-12-17T15:31:24.599+00:00,hum-sensor,humidity,51.6
2025-12-17T15:31:46.606+00:00,hum-sensor,humidity,67.4
2025-12-17T15:32:07.609+00:00,hum-sensor,humidity,68.5
2025-12-17T15:32:28.613+00:00,hum-sensor,humidity,59.2
2025-12-17T15:32:49.617+00:00,hum-sensor,humidity,73.9
2025-12-17T15:33:13.621+00:00,hum-sensor,humidity,87.4
2025-12-17T15:33:34.626+00:00,hum-sensor,humidity,32.1
2025-12-17T15:33:55.630+00:00,hum-sensor,humidity,32.1
2025-12-17T15:34:16.656+00:00,hum-sensor,humidity,52.1
2025-12-17T15:34:37.674+00:00,hum-sensor,humidity,44
2025-12-17T15:34:58.679+00:00,hum-sensor,humidity,65.2
2025-12-17T15:35:19.683+00:00,hum-sensor,humidity,63.1
2025-12-17T15:35:40.687+00:00,hum-sensor,humidity,85.7
2025-12-17T15:36:01.691+00:00,hum-sensor,humidity,69.1
2025-12-17T15:36:22.695+00:00,hum-sensor,humidity,37.3
2025-12-17T15:36:43.713+00:00,hum-sensor,humidity,55.1
2025-12-17T15:37:04.722+00:00,hum-sensor,humidity,33.3
2025-12-17T15:37:28.729+00:00,hum-sensor,humidity,64.1
2025-12-17T15:37:49.734+00:00,hum-sensor,humidity,42.7
2025-12-17T15:38:10.738+00:00,hum-sensor,humidity,81.1
2025-12-17T15:38:32.741+00:00,hum-sensor,humidity,53
2025-12-17T15:38:53.746+00:00,hum-sensor,humidity,46.4
2025-12-17T15:39:14.750+00:00,hum-sensor,humidity,58.5
2025-12-17T15:39:33.761+00:00,hum-sensor,humidity,69.5
2025-12-17T15:39:54.766+00:00,hum-sensor,humidity,57.1
2025-12-17T15:39:56.769+00:00,hum-sensor,humidity,30.5
2025-12-17T15:40:17.776+00:00,hum-sensor,humidity,48.5
2025-12-17T15:40:38.786+00:00,hum-sensor,humidity,35.1
2025-12-17T15:40:59.791+00:00,hum-sensor,humidity,39.1
2025-12-17T15:41:20.794+00:00,hum-sensor,humidity,52.4
2025-12-17T15:41:42.810+00:00,hum-sensor,humidity,70.6
2025-12-17T15:42:03.816+00:00,hum-sensor,humidity,32.4
2025-12-17T15:42:24.821+00:00,hum-sensor,humidity,82.4
2025-12-17T15:42:45.825+00:00,hum-sensor,humidity,32.5
2025-12-17T15:43:06.890+00:00,hum-sensor,humidity,81.3
2025-12-17T15:43:27.894+00:00,hum-sensor,humidity,74.8
2025-12-17T15:43:28.908+00:00,hum-sensor,humidity,40.9
2025-12-17T15:43:48.898+00:00,hum-sensor,humidity,52.6
2025-12-17T15:43:50.571+00:00,hum-sensor,humidity,46.6
2025-12-17T15:44:09.901+00:00,hum-sensor,humidity,62.4
2025-12-17T15:44:30.905+00:00,hum-sensor,humidity,60.7
2025-12-17T15:44:51.910+00:00,hum-sensor,humidity,64.2
2025-12-17T15:44:53.951+00:00,hum-sensor,humidity,57.1
2025-12-17T15:45:14.955+00:00,hum-sensor,humidity,59.9
2025-12-17T15:45:17.918+00:00,hum-sensor,humidity,69.9
2025-12-17T15:45:38.924+00:00,hum-sensor,humidity,52.7
2025-12-17T15:45:59.928+00:00,hum-sensor,humidity,34.8
2025-12-17T15:46:18.012+00:00,hum-sensor,humidity,80.8
2025-12-17T15:46:39.016+00:00,hum-sensor,humidity,39.6
2025-12-17T15:46:57.946+00:00,hum-sensor,humidity,49
2025-12-17T15:47:18.950+00:00,hum-sensor,humidity,52.2
2025-12-17T15:47:49.954+00:00,hum-sensor,humidity,86.3
2025-12-17T15:48:10.958+00:00,hum-sensor,humidity,33.5
2025-12-17T15:48:31.963+00:00,hum-sensor,humidity,77.8
2025-12-17T15:48:55.987+00:00,hum-sensor,humidity,80.6
2025-12-17T15:49:16.991+00:00,hum-sensor,humidity,68.8
2025-12-17T15:49:37.995+00:00,hum-sensor,humidity,30.3
2025-12-17T15:49:40.993+00:00,hum-sensor,humidity,45.1
2025-12-17T15:50:01.998+00:00,hum-sensor,humidity,57.1
2025-12-17T15:50:23.007+00:00,hum-sensor,humidity,65
2025-12-17T15:50:45.015+00:00,hum-sensor,humidity,64.5
2025-12-17T15:51:06.020+00:00,hum-sensor,humidity,61.3
2025-12-17T15:51:27.025+00:00,hum-sensor,humidity,33.6
2025-12-17T15:51:29.031+00:00,hum-sensor,humidity,39.9
2025-12-17T15:51:50.036+00:00,hum-sensor,humidity,68.4
2025-12-17T15:51:51.036+00:00,hum-sensor,humidity,78.5
2025-12-17T15:52:18.042+00:00,hum-sensor,humidity,88.1
2025-12-17T15:52:39.046+00:00,hum-sensor,humidity,66.2
2025-12-17T15:52:40.571+00:00,hum-sensor,humidity,69.4
2025-12-17T15:53:00.050+00:00,hum-sensor,humidity,89
2025-12-17T15:53:21.075+00:00,hum-sensor,humidity,83.8
2025-12-17T15:53:42.084+00:00,hum-sensor,humidity,40.6
2025-12-17T15:54:03.088+00:00,hum-sensor,humidity,83
2025-12-17T15:54:24.092+00:00,hum-sensor,humidity,30.1
2025-12-17T15:54:45.097+00:00,hum-sensor,humidity,67.8
2025-12-17T15:55:06.105+00:00,hum-sensor,humidity,69
2025-12-17T15:55:08.115+00:00,hum-sensor,humidity,78
2025-12-17T15:55:29.118+00:00,hum-sensor,humidity,43.5
2025-12-17T15:56:35.139+00:00,hum-sensor,humidity,76.2
2025-12-17T15:56:59.149+00:00,hum-sensor,humidity,68.8
2025-12-17T15:57:20.154+00:00,hum-sensor,humidity,80
2025-12-17T15:57:48.160+00:00,hum-sensor,humidity,75.9
2025-12-17T15:58:12.180+00:00,hum-sensor,humidity,83.5
2025-12-17T15:58:40.193+00:00,hum-sensor,humidity,45.2
2025-12-17T15:59:01.197+00:00,hum-sensor,humidity,69.1
2025-12-17T15:59:22.201+00:00,hum-sensor,humidity,75.2
2025-12-17T15:59:43.206+00:00,hum-sensor,humidity,75.8
2025-12-17T16:00:04.211+00:00,hum-sensor,humidity,53.9
2025-12-17T16:00:25.215+00:00,hum-sensor,humidity,33.7
2025-12-17T16:00:46.220+00:00,hum-sensor,humidity,73.4
2025-12-17T16:00:47.223+00:00,hum-sensor,humidity,88.3
2025-12-17T16:01:07.225+00:00,hum-sensor,humidity,72.8
2025-12-17T16:01:09.226+00:00,hum-sensor,humidity,81.7
2025-12-17T16:01:30.235+00:00,hum-sensor,humidity,45.5
2025-12-17T16:01:51.241+00:00,hum-sensor,humidity,43.3
2025-12-17T16:02:09.573+00:00,hum-sensor,humidity,74
2025-12-17T16:02:26.577+00:00,hum-sensor,humidity,89.8
2025-12-17T16:02:28.571+00:00,hum-sensor,humidity,82.8
2025-12-17T16:02:45.573+00:00,hum-sensor,humidity,65.3
2025-12-17T16:02:46.574+00:00,hum-sensor,humidity,49.7
2025-12-17T16:03:06.579+00:00,hum-sensor,humidity,36.9
2025-12-17T16:03:27.584+00:00,hum-sensor,humidity,50.3
2025-12-17T16:03:47.600+00:00,hum-sensor,humidity,47.1
2025-12-17T16:04:10.733+00:00,hum-sensor,humidity,40.6
2025-12-17T16:04:39.753+00:00,hum-sensor,humidity,50.5
2025-12-17T16:05:00.760+00:00,hum-sensor,humidity,82.8
2025-12-17T16:05:02.572+00:00,hum-sensor,humidity,55.8
2025-12-17T16:05:21.765+00:00,hum-sensor,humidity,89.6
2025-12-17T16:05:45.771+00:00,hum-sensor,humidity,86.7
2025-12-17T16:06:11.786+00:00,hum-sensor,humidity,47.4
2025-12-17T16:06:32.794+00:00,hum-sensor,humidity,65.3
2025-12-17T16:06:53.804+00:00,hum-sensor,humidity,61.3
2025-12-17T16:07:31.813+00:00,hum-sensor,humidity,39.4
2025-12-17T16:07:51.667+00:00,hum-sensor,humidity,72.4
2025-12-17T16:07:53.669+00:00,hum-sensor,humidity,66.2
2025-12-17T16:08:16.677+00:00,hum-sensor,humidity,52.3
2025-12-17T16:08:37.682+00:00,hum-sensor,humidity,66.8
2025-12-17T16:08:58.707+00:00,hum-sensor,humidity,59.9
2025-12-17T16:09:19.720+00:00,hum-sensor,humidity,63
2025-12-17T16:09:48.730+00:00,hum-sensor,humidity,65.4
2025-12-17T16:10:51.741+00:00,hum-sensor,humidity,40.7
2025-12-17T16:11:15.797+00:00,hum-sensor,humidity,77.9
2025-12-17T16:11:36.802+00:00,hum-sensor,humidity,66.7
2025-12-17T16:12:01.799+00:00,hum-sensor,humidity,33.4
2025-12-17T16:12:22.804+00:00,hum-sensor,humidity,78.7
2025-12-17T16:12:48.811+00:00,hum-sensor,humidity,32.1
2025-12-17T16:13:15.820+00:00,hum-sensor,humidity,36.7
2025-12-17T16:13:18.819+00:00,hum-sensor,humidity,88.7
2025-12-17T16:13:43.826+00:00,hum-sensor,humidity,73.2
2025-12-17T16:14:04.831+00:00,hum-sensor,humidity,42.4
2025-12-17T16:14:25.938+00:00,hum-sensor,humidity,43.8
2025-12-17T16:14:46.943+00:00,hum-sensor,humidity,75.5
2025-12-17T16:15:07.947+00:00,hum-sensor,humidity,36.9
2025-12-17T16:15:28.952+00:00,hum-sensor,humidity,32
2025-12-17T16:15:49.958+00:00,hum-sensor,humidity,87.9
2025-12-17T16:15:50.958+00:00,hum-sensor,humidity,39.9
2025-12-17T16:15:52.857+00:00,hum-sensor,humidity,77.6
2025-12-17T16:16:13.861+00:00,hum-sensor,humidity,76.5
2025-12-17T16:16:41.870+00:00,hum-sensor,humidity,81.2
2025-12-17T16:17:02.875+00:00,hum-sensor,humidity,37.7
2025-12-17T16:17:24.047+00:00,hum-sensor,humidity,54
2025-12-17T16:17:45.053+00:00,hum-sensor,humidity,60.4
2025-12-17T16:18:13.066+00:00,hum-sensor,humidity,67.6
2025-12-17T16:18:34.070+00:00,hum-sensor,humidity,50.2
2025-12-17T16:18:55.074+00:00,hum-sensor,humidity,55.9
2025-12-17T16:19:21.084+00:00,hum-sensor,humidity,82.4
2025-12-17T16:19:42.094+00:00,hum-sensor,humidity,33
2025-12-17T16:20:03.103+00:00,hum-sensor,humidity,52.2
2025-12-17T16:20:32.103+00:00,hum-sensor,humidity,66.4
2025-12-17T16:20:53.112+00:00,hum-sensor,humidity,84.4
2025-12-17T16:21:31.117+00:00,hum-sensor,humidity,59.8
2025-12-17T16:21:49.574+00:00,hum-sensor,humidity,80
2025-12-17T16:22:12.137+00:00,hum-sensor,humidity,68.6
2025-12-17T16:22:33.145+00:00,hum-sensor,humidity,74.7
2025-12-17T16:22:54.149+00:00,hum-sensor,humidity,86.8
2025-12-17T16:23:22.164+00:00,hum-sensor,humidity,84.3
2025-12-17T16:23:51.177+00:00,hum-sensor,humidity,79.9
2025-12-17T16:24:12.184+00:00,hum-sensor,humidity,42
2025-12-17T16:24:33.188+00:00,hum-sensor,humidity,58.6
2025-12-17T16:24:52.343+00:00,hum-sensor,humidity,62.1
2025-12-17T16:25:13.348+00:00,hum-sensor,humidity,73.5
2025-12-17T16:25:14.571+00:00,hum-sensor,humidity,64.5
2025-12-17T16:25:34.358+00:00,hum-sensor,humidity,33.2
2025-12-17T16:25:36.358+00:00,hum-sensor,humidity,59.1
2025-12-17T16:25:57.364+00:00,hum-sensor,humidity,45.3
2025-12-17T16:26:20.378+00:00,hum-sensor,humidity,77.2
2025-12-17T16:26:45.382+00:00,hum-sensor,humidity,34.7
2025-12-17T16:27:07.390+00:00,hum-sensor,humidity,35.6
2025-12-17T16:27:28.396+00:00,hum-sensor,humidity,50.7
2025-12-17T16:27:49.399+00:00,hum-sensor,humidity,30.2
2025-12-17T16:28:10.408+00:00,hum-sensor,humidity,73.9
2025-12-17T16:28:31.412+00:00,hum-sensor,humidity,45.8
2025-12-17T16:28:52.416+00:00,hum-sensor,humidity,31.1
2025-12-17T16:29:11.422+00:00,hum-sensor,humidity,38.1
2025-12-17T16:29:32.427+00:00,hum-sensor,humidity,62.6
2025-12-17T16:29:53.432+00:00,hum-sensor,humidity,76.4
2025-12-17T16:29:55.761+00:00,hum-sensor,humidity,37.9
2025-12-17T16:30:16.765+00:00,hum-sensor,humidity,86.1
2025-12-17T16:30:19.429+00:00,hum-sensor,humidity,51
2025-12-17T16:30:38.434+00:00,hum-sensor,humidity,40.4
2025-12-17T16:30:59.440+00:00,hum-sensor,humidity,46.7
2025-12-17T16:31:20.444+00:00,hum-sensor,humidity,51.2
2025-12-17T16:31:41.827+00:00,hum-sensor,humidity,45.2
2025-12-17T16:32:09.832+00:00,hum-sensor,humidity,45.4
2025-12-17T16:32:32.473+00:00,hum-sensor,humidity,60.6
2025-12-17T16:32:53.478+00:00,hum-sensor,humidity,70.5
2025-12-17T16:33:14.490+00:00,hum-sensor,humidity,72.2
2025-12-17T16:33:35.494+00:00,hum-sensor,humidity,61.7
2025-12-17T16:33:56.499+00:00,hum-sensor,humidity,70
2025-12-17T16:34:17.502+00:00,hum-sensor,humidity,58.1
2025-12-17T16:34:59.946+00:00,hum-sensor,humidity,82.6
2025-12-17T16:35:00.947+00:00,hum-sensor,humidity,38
2025-12-17T16:35:20.950+00:00,hum-sensor,humidity,74.4
2025-12-17T16:35:44.996+00:00,hum-sensor,humidity,52.5
2025-12-17T16:35:46.996+00:00,hum-sensor,humidity,42.9
2025-12-17T16:36:10.005+00:00,hum-sensor,humidity,65.5
2025-12-17T16:36:35.014+00:00,hum-sensor,humidity,42.5
2025-12-17T16:36:56.018+00:00,hum-sensor,humidity,62.1
2025-12-17T16:36:57.022+00:00,hum-sensor,humidity,84.2
2025-12-17T16:37:18.030+00:00,hum-sensor,humidity,67.5
2025-12-17T16:37:39.035+00:00,hum-sensor,humidity,33
2025-12-17T16:38:00.039+00:00,hum-sensor,humidity,84.5
2025-12-17T16:38:21.043+00:00,hum-sensor,humidity,44
2025-12-17T16:38:42.096+00:00,hum-sensor,humidity,31.9
2025-12-17T16:38:44.095+00:00,hum-sensor,humidity,46.5
2025-12-17T16:39:06.107+00:00,hum-sensor,humidity,42.8
2025-12-17T16:39:28.115+00:00,hum-sensor,humidity,66.7
2025-12-17T16:39:49.121+00:00,hum-sensor,humidity,46
2025-12-17T16:40:10.126+00:00,hum-sensor,humidity,46
2025-12-17T16:40:34.135+00:00,hum-sensor,humidity,68.6
2025-12-17T16:40:57.194+00:00,hum-sensor,humidity,59.6
2025-12-17T16:41:25.206+00:00,hum-sensor,humidity,71.3
2025-12-17T16:42:00.215+00:00,hum-sensor,humidity,69.1
2025-12-17T16:42:01.219+00:00,hum-sensor,humidity,59.1
2025-12-17T16:42:21.219+00:00,hum-sensor,humidity,53.1
2025-12-17T16:42:42.224+00:00,hum-sensor,humidity,48.3
2025-12-17T16:43:03.229+00:00,hum-sensor,humidity,64.3
2025-12-17T16:43:28.616+00:00,hum-sensor,humidity,82.1
2025-12-17T16:43:49.620+00:00,hum-sensor,humidity,81.5
2025-12-17T16:44:10.625+00:00,hum-sensor,humidity,33.5
2025-12-17T16:44:31.631+00:00,hum-sensor,humidity,74.7
2025-12-17T16:44:52.636+00:00,hum-sensor,humidity,60.2
2025-12-17T16:45:13.640+00:00,hum-sensor,humidity,53.9
2025-12-17T16:45:34.644+00:00,hum-sensor,humidity,71.1
2025-12-17T16:45:55.648+00:00,hum-sensor,humidity,72.9
2025-12-17T16:46:23.653+00:00,hum-sensor,humidity,51.1
2025-12-17T16:46:24.716+00:00,hum-sensor,humidity,56.1
2025-12-17T16:46:45.724+00:00,hum-sensor,humidity,75.9
2025-12-17T16:47:07.730+00:00,hum-sensor,humidity,83.5
2025-12-17T16:47:28.736+00:00,hum-sensor,humidity,55.4
2025-12-17T16:47:49.744+00:00,hum-sensor,humidity,83.9
2025-12-17T16:47:53.745+00:00,hum-sensor,humidity,89.8
2025-12-17T16:47:55.746+00:00,hum-sensor,humidity,76
2025-12-17T16:48:16.749+00:00,hum-sensor,humidity,63.9
2025-12-17T16:48:18.571+00:00,hum-sensor,humidity,31.7
2025-12-17T16:48:37.754+00:00,hum-sensor,humidity,88.8
2025-12-17T17:15:53.623+00:00,hum-sensor,humidity,34.7
2025-12-17T17:16:14.630+00:00,hum-sensor,humidity,30.8
2025-12-17T17:16:16.699+00:00,hum-sensor,humidity,77.8
2025-12-17T17:17:05.722+00:00,hum-sensor,humidity,70.7
2025-12-17T17:17:33.733+00:00,hum-sensor,humidity,65.6
2025-12-17T17:17:34.735+00:00,hum-sensor,humidity,53.8
2025-12-17T17:17:54.742+00:00,hum-sensor,humidity,35.1
2025-12-17T17:18:17.859+00:00,hum-sensor,humidity,60.6
2025-12-17T17:18:42.876+00:00,hum-sensor,humidity,73.9
2025-12-17T17:19:03.887+00:00,hum-sensor,humidity,46.7
2025-12-17T17:19:21.899+00:00,hum-sensor,humidity,77.7
2025-12-17T17:19:42.926+00:00,hum-sensor,humidity,53.7
2025-12-17T17:20:03.949+00:00,hum-sensor,humidity,68.7
2025-12-17T17:20:24.966+00:00,hum-sensor,humidity,38
2025-12-17T17:20:45.980+00:00,hum-sensor,humidity,57.6
2025-12-17T17:20:46.987+00:00,hum-sensor,humidity,89.2
2025-12-17T17:21:06.989+00:00,hum-sensor,humidity,45.1
2025-12-17T17:21:28.006+00:00,hum-sensor,humidity,41
2025-12-17T17:21:29.070+00:00,hum-sensor,humidity,37
2025-12-17T17:21:49.019+00:00,hum-sensor,humidity,60.4
2025-12-17T17:22:13.122+00:00,hum-sensor,humidity,57.9
2025-12-17T17:22:34.208+00:00,hum-sensor,humidity,49.3
2025-12-17T17:22:55.263+00:00,hum-sensor,humidity,60.8
2025-12-17T17:23:22.284+00:00,hum-sensor,humidity,50.4
2025-12-17T17:23:47.294+00:00,hum-sensor,humidity,62.4
2025-12-17T17:24:12.716+00:00,hum-sensor,humidity,83.2
2025-12-17T17:24:36.762+00:00,hum-sensor,humidity,60.4
2025-12-17T17:25:03.792+00:00,hum-sensor,humidity,43.6
2025-12-17T17:25:28.802+00:00,hum-sensor,humidity,65.1
2025-12-17T17:25:49.812+00:00,hum-sensor,humidity,71
2025-12-17T17:26:10.892+00:00,hum-sensor,humidity,71.9
2025-12-17T17:26:31.905+00:00,hum-sensor,humidity,44.1
2025-12-17T17:26:52.927+00:00,hum-sensor,humidity,51.7
2025-12-17T17:27:13.957+00:00,hum-sensor,humidity,51.2
2025-12-17T17:27:37.983+00:00,hum-sensor,humidity,89.8
2025-12-17T17:27:58.991+00:00,hum-sensor,humidity,70.3
2025-12-17T17:28:20.003+00:00,hum-sensor,humidity,67.5
2025-12-17T17:28:41.056+00:00,hum-sensor,humidity,63.6
2025-12-17T17:29:02.089+00:00,hum-sensor,humidity,41.5
2025-12-17T17:29:51.609+00:00,hum-sensor,humidity,47.3
2025-12-17T17:30:12.620+00:00,hum-sensor,humidity,57.7
2025-12-17T17:30:33.629+00:00,hum-sensor,humidity,74
2025-12-17T17:30:54.638+00:00,hum-sensor,humidity,58.7
2025-12-17T17:30:56.664+00:00,hum-sensor,humidity,66.4
2025-12-17T17:31:17.701+00:00,hum-sensor,humidity,83.6
2025-12-17T17:31:35.730+00:00,hum-sensor,humidity,80.1
2025-12-17T17:31:56.742+00:00,hum-sensor,humidity,57.9
2025-12-17T17:32:17.752+00:00,hum-sensor,humidity,31.8
2025-12-17T17:32:36.016+00:00,hum-sensor,humidity,46
2025-12-17T17:32:57.027+00:00,hum-sensor,humidity,43
2025-12-17T17:32:58.571+00:00,hum-sensor,humidity,86.2
2025-12-17T17:33:16.140+00:00,hum-sensor,humidity,57.5
2025-12-17T17:33:37.180+00:00,hum-sensor,humidity,53.5
2025-12-17T17:33:58.188+00:00,hum-sensor,humidity,71
2025-12-17T17:34:19.197+00:00,hum-sensor,humidity,60.2
2025-12-17T17:34:40.207+00:00,hum-sensor,humidity,40.9
2025-12-17T17:35:01.217+00:00,hum-sensor,humidity,39.9
2025-12-17T17:35:22.225+00:00,hum-sensor,humidity,38.1
2025-12-17T17:35:43.233+00:00,hum-sensor,humidity,42.1
2025-12-17T17:35:44.571+00:00,hum-sensor,humidity,40.6
2025-12-17T17:36:04.241+00:00,hum-sensor,humidity,71
2025-12-17T17:36:25.257+00:00,hum-sensor,humidity,35.2
2025-12-17T17:36:46.270+00:00,hum-sensor,humidity,39.6
2025-12-17T17:37:04.487+00:00,hum-sensor,humidity,51.3
2025-12-17T17:37:07.479+00:00,hum-sensor,humidity,64.7
2025-12-17T17:37:26.491+00:00,hum-sensor,humidity,84.7
2025-12-17T17:37:47.520+00:00,hum-sensor,humidity,66.4
2025-12-17T17:38:08.542+00:00,hum-sensor,humidity,71.7
2025-12-17T17:38:30.596+00:00,hum-sensor,humidity,76.1
2025-12-17T17:38:54.609+00:00,hum-sensor,humidity,40.2
2025-12-17T17:39:22.631+00:00,hum-sensor,humidity,48.2
2025-12-17T17:39:43.667+00:00,hum-sensor,humidity,49.8
2025-12-17T17:40:04.691+00:00,hum-sensor,humidity,32.5
2025-12-17T17:40:25.723+00:00,hum-sensor,humidity,60.8
2025-12-17T17:40:46.734+00:00,hum-sensor,humidity,60.9
2025-12-17T17:41:07.780+00:00,hum-sensor,humidity,45.3
2025-12-17T17:41:28.800+00:00,hum-sensor,humidity,60.1
2025-12-17T17:41:49.810+00:00,hum-sensor,humidity,84.5
2025-12-17T17:42:10.817+00:00,hum-sensor,humidity,76
2025-12-17T17:42:31.829+00:00,hum-sensor,humidity,32.5
2025-12-17T17:42:49.863+00:00,hum-sensor,humidity,42
2025-12-17T17:43:08.898+00:00,hum-sensor,humidity,72.8
2025-12-17T17:43:33.902+00:00,hum-sensor,humidity,30.7
2025-12-17T17:44:01.910+00:00,hum-sensor,humidity,39.7
2025-12-17T17:44:23.990+00:00,hum-sensor,humidity,58.5
2025-12-17T17:44:45.003+00:00,hum-sensor,humidity,82.4
2025-12-17T17:45:06.053+00:00,hum-sensor,humidity,86.3
2025-12-17T17:45:08.057+00:00,hum-sensor,humidity,41.8
2025-12-17T17:45:29.070+00:00,hum-sensor,humidity,79.8
2025-12-17T17:45:50.080+00:00,hum-sensor,humidity,41.9
2025-12-17T17:46:14.100+00:00,hum-sensor,humidity,42
2025-12-17T17:46:35.179+00:00,hum-sensor,humidity,45.6
2025-12-17T17:46:56.211+00:00,hum-sensor,humidity,59.5
2025-12-17T17:47:17.221+00:00,hum-sensor,humidity,53.7
2025-12-17T17:47:36.284+00:00,hum-sensor,humidity,49.3
2025-12-17T17:47:57.312+00:00,hum-sensor,humidity,64.2
2025-12-17T17:48:18.323+00:00,hum-sensor,humidity,36.1
2025-12-17T17:48:39.331+00:00,hum-sensor,humidity,77.7
2025-12-17T17:48:42.105+00:00,hum-sensor,humidity,38.9
2025-12-17T17:49:03.126+00:00,hum-sensor,humidity,80.5
2025-12-17T17:49:24.185+00:00,hum-sensor,humidity,66.9
2025-12-17T17:49:45.204+00:00,hum-sensor,humidity,64.2
2025-12-17T17:50:06.213+00:00,hum-sensor,humidity,61.6
2025-12-17T17:50:27.224+00:00,hum-sensor,humidity,57.1
2025-12-17T17:50:48.235+00:00,hum-sensor,humidity,32
2025-12-17T17:51:09.246+00:00,hum-sensor,humidity,50.8
2025-12-17T17:51:27.579+00:00,hum-sensor,humidity,31.6
2025-12-17T17:51:29.588+00:00,hum-sensor,humidity,46.3
2025-12-17T17:51:50.596+00:00,hum-sensor,humidity,87.1
2025-12-17T17:52:11.800+00:00,hum-sensor,humidity,43.4
2025-12-17T17:52:30.814+00:00,hum-sensor,humidity,87.1
2025-12-17T17:52:51.823+00:00,hum-sensor,humidity,88.8
2025-12-17T17:53:12.863+00:00,hum-sensor,humidity,39.7
2025-12-17T17:53:33.876+00:00,hum-sensor,humidity,47.3
2025-12-17T17:53:36.573+00:00,hum-sensor,humidity,51
2025-12-17T17:53:55.577+00:00,hum-sensor,humidity,83.3
2025-12-17T17:53:57.604+00:00,hum-sensor,humidity,73
2025-12-17T17:54:18.626+00:00,hum-sensor,humidity,81.8
2025-12-17T17:54:39.676+00:00,hum-sensor,humidity,36.5
2025-12-17T17:54:40.712+00:00,hum-sensor,humidity,59.6
2025-12-17T17:55:00.688+00:00,hum-sensor,humidity,35.5
2025-12-17T17:55:21.697+00:00,hum-sensor,humidity,55.1
2025-12-17T17:55:40.806+00:00,hum-sensor,humidity,52.5
2025-12-17T17:56:01.817+00:00,hum-sensor,humidity,59.7
2025-12-17T17:56:25.907+00:00,hum-sensor,humidity,71.9
2025-12-17T17:56:26.909+00:00,hum-sensor,humidity,89.6
2025-12-17T17:56:46.971+00:00,hum-sensor,humidity,86.6
2025-12-17T17:57:11.975+00:00,hum-sensor,humidity,57.4
2025-12-17T17:57:33.001+00:00,hum-sensor,humidity,50.2
2025-12-17T17:57:54.022+00:00,hum-sensor,humidity,41.7
2025-12-17T17:58:15.030+00:00,hum-sensor,humidity,76.4
2025-12-17T17:58:36.040+00:00,hum-sensor,humidity,73.3
2025-12-17T17:58:57.116+00:00,hum-sensor,humidity,63
2025-12-17T17:59:18.128+00:00,hum-sensor,humidity,68.7
2025-12-17T17:59:46.265+00:00,hum-sensor,humidity,59.5
2025-12-17T18:00:07.274+00:00,hum-sensor,humidity,53.4
2025-12-17T18:00:24.312+00:00,hum-sensor,humidity,49.4
2025-12-17T18:00:45.329+00:00,hum-sensor,humidity,82.5
2025-12-17T18:01:08.338+00:00,hum-sensor,humidity,62.6
2025-12-17T18:01:29.355+00:00,hum-sensor,humidity,40.5
2025-12-17T18:01:51.428+00:00,hum-sensor,humidity,68.3
2025-12-17T18:02:12.435+00:00,hum-sensor,humidity,69.1
2025-12-17T18:02:53.449+00:00,hum-sensor,humidity,75.7
2025-12-17T18:03:14.458+00:00,hum-sensor,humidity,44.9
2025-12-17T18:03:35.466+00:00,hum-sensor,humidity,67.8
2025-12-17T18:03:56.513+00:00,hum-sensor,humidity,49.2
2025-12-17T18:04:17.521+00:00,hum-sensor,humidity,59.1
2025-12-17T18:04:38.531+00:00,hum-sensor,humidity,87.3
2025-12-17T18:04:56.603+00:00,hum-sensor,humidity,82.4
2025-12-17T18:05:15.578+00:00,hum-sensor,humidity,50.4
2025-12-17T18:05:36.587+00:00,hum-sensor,humidity,78.4
2025-12-17T18:05:57.593+00:00,hum-sensor,humidity,80.6
2025-12-17T18:06:18.603+00:00,hum-sensor,humidity,79
2025-12-17T18:06:20.571+00:00,hum-sensor,humidity,33.2
2025-12-17T18:06:39.613+00:00,hum-sensor,humidity,53.3
2025-12-17T18:07:00.622+00:00,hum-sensor,humidity,45.6
2025-12-17T18:07:02.637+00:00,hum-sensor,humidity,46.9
2025-12-17T18:07:23.650+00:00,hum-sensor,humidity,70.2
2025-12-17T18:07:44.661+00:00,hum-sensor,humidity,30.5
2025-12-17T18:08:08.873+00:00,hum-sensor,humidity,48.6
2025-12-17T18:08:29.894+00:00,hum-sensor,humidity,84.4
2025-12-17T18:08:50.931+00:00,hum-sensor,humidity,43.5
2025-12-17T18:09:11.960+00:00,hum-sensor,humidity,61
2025-12-17T18:09:13.982+00:00,hum-sensor,humidity,67.1
2025-12-17T18:09:42.019+00:00,hum-sensor,humidity,75.5
2025-12-17T18:09:43.035+00:00,hum-sensor,humidity,72.6
2025-12-17T18:10:10.081+00:00,hum-sensor,humidity,51.8
2025-12-17T18:10:32.110+00:00,hum-sensor,humidity,48.7
2025-12-17T18:10:53.136+00:00,hum-sensor,humidity,61.7
2025-12-17T18:10:54.571+00:00,hum-sensor,humidity,46.8
2025-12-17T18:11:58.596+00:00,hum-sensor,humidity,37
2025-12-17T18:12:00.606+00:00,hum-sensor,humidity,54.2
2025-12-17T18:12:22.660+00:00,hum-sensor,humidity,33.9
2025-12-17T18:12:43.675+00:00,hum-sensor,humidity,80.5
2025-12-17T18:13:11.751+00:00,hum-sensor,humidity,43.7
2025-12-17T18:13:32.821+00:00,hum-sensor,humidity,73.4
2025-12-17T18:13:53.873+00:00,hum-sensor,humidity,90
2025-12-17T18:14:14.900+00:00,hum-sensor,humidity,72.3
2025-12-17T18:14:35.914+00:00,hum-sensor,humidity,69.8
2025-12-17T18:14:36.926+00:00,hum-sensor,humidity,48.8
2025-12-17T18:15:38.947+00:00,hum-sensor,humidity,82.9
2025-12-17T18:15:59.960+00:00,hum-sensor,humidity,66.5
2025-12-17T18:16:17.986+00:00,hum-sensor,humidity,68.3
2025-12-17T18:16:39.030+00:00,hum-sensor,humidity,47.6
2025-12-17T18:17:00.048+00:00,hum-sensor,humidity,72.2
2025-12-17T18:17:21.055+00:00,hum-sensor,humidity,67
2025-12-17T18:17:23.021+00:00,hum-sensor,humidity,83
2025-12-17T18:17:42.067+00:00,hum-sensor,humidity,47
2025-12-17T18:18:11.106+00:00,hum-sensor,humidity,69.5
2025-12-17T18:18:37.184+00:00,hum-sensor,humidity,50.8
2025-12-17T18:19:02.195+00:00,hum-sensor,humidity,67.8
2025-12-17T18:19:23.202+00:00,hum-sensor,humidity,88.2
2025-12-17T18:19:24.596+00:00,hum-sensor,humidity,64.6
2025-12-17T18:19:44.212+00:00,hum-sensor,humidity,43.7
2025-12-17T18:20:08.233+00:00,hum-sensor,humidity,61.1
2025-12-17T18:20:29.250+00:00,hum-sensor,humidity,72.2
2025-12-17T18:20:32.242+00:00,hum-sensor,humidity,48
2025-12-17T18:20:53.282+00:00,hum-sensor,humidity,74.3
2025-12-17T18:21:16.305+00:00,hum-sensor,humidity,81.1
2025-12-17T18:21:18.305+00:00,hum-sensor,humidity,72.9
2025-12-17T18:21:39.323+00:00,hum-sensor,humidity,42.6
2025-12-17T18:22:00.345+00:00,hum-sensor,humidity,48.9
2025-12-17T18:22:21.361+00:00,hum-sensor,humidity,70.8
2025-12-17T18:22:42.369+00:00,hum-sensor,humidity,48.3
2025-12-17T18:23:03.386+00:00,hum-sensor,humidity,45
2025-12-17T18:23:04.596+00:00,hum-sensor,humidity,75.5
2025-12-17T18:23:38.399+00:00,hum-sensor,humidity,43.8
2025-12-17T18:23:59.409+00:00,hum-sensor,humidity,84.4
2025-12-17T18:24:37.425+00:00,hum-sensor,humidity,60.3
2025-12-17T18:24:58.438+00:00,hum-sensor,humidity,71.1
2025-12-17T18:25:19.533+00:00,hum-sensor,humidity,62.8
2025-12-17T18:25:40.555+00:00,hum-sensor,humidity,69.3
2025-12-17T18:26:00.597+00:00,hum-sensor,humidity,50.7
2025-12-17T18:26:21.622+00:00,hum-sensor,humidity,55.4
2025-12-17T18:26:42.643+00:00,hum-sensor,humidity,68.2
2025-12-17T18:27:03.658+00:00,hum-sensor,humidity,66.3
2025-12-17T18:27:24.674+00:00,hum-sensor,humidity,87.5
2025-12-17T18:27:45.692+00:00,hum-sensor,humidity,42.9
2025-12-17T18:28:06.700+00:00,hum-sensor,humidity,88.6
2025-12-17T18:28:27.708+00:00,hum-sensor,humidity,79.9
2025-12-17T18:28:48.716+00:00,hum-sensor,humidity,73.5
2025-12-17T18:29:09.734+00:00,hum-sensor,humidity,31.9
2025-12-17T18:29:28.763+00:00,hum-sensor,humidity,84.4
2025-12-17T18:29:47.602+00:00,hum-sensor,humidity,85.6
2025-12-17T18:30:08.907+00:00,hum-sensor,humidity,75.4
2025-12-17T18:30:29.919+00:00,hum-sensor,humidity,31.9
2025-12-17T18:30:50.945+00:00,hum-sensor,humidity,85.4
2025-12-17T18:31:14.960+00:00,hum-sensor,humidity,53.4
2025-12-17T18:31:17.030+00:00,hum-sensor,humidity,32.6
2025-12-17T18:31:38.078+00:00,hum-sensor,humidity,46.6
2025-12-17T18:32:06.089+00:00,hum-sensor,humidity,31.7
2025-12-17T18:32:27.098+00:00,hum-sensor,humidity,72.5
2025-12-17T18:32:49.169+00:00,hum-sensor,humidity,82
2025-12-17T18:36:57.161+00:00,hum-sensor,humidity,43.9
2025-12-17T18:46:31.852+00:00,hum-sensor,humidity,57.5
2025-12-17T18:46:56.916+00:00,hum-sensor,humidity,72.6
2025-12-17T18:47:47.972+00:00,hum-sensor,humidity,71.2
2025-12-17T18:48:27.006+00:00,hum-sensor,humidity,50.2
2025-12-17T18:48:51.044+00:00,hum-sensor,humidity,65.6
2025-12-17T18:49:12.068+00:00,hum-sensor,humidity,57.6
2025-12-17T18:49:40.080+00:00,hum-sensor,humidity,67.7
2025-12-17T18:50:01.089+00:00,hum-sensor,humidity,52.9
2025-12-17T18:50:23.093+00:00,hum-sensor,humidity,82.7
2025-12-17T18:50:43.127+00:00,hum-sensor,humidity,86.9
2025-12-17T18:51:08.136+00:00,hum-sensor,humidity,87.9
2025-12-17T18:51:29.153+00:00,hum-sensor,humidity,79.8
2025-12-17T18:51:54.177+00:00,hum-sensor,humidity,67.5
2025-12-17T18:52:15.187+00:00,hum-sensor,humidity,58.2
2025-12-17T18:52:36.205+00:00,hum-sensor,humidity,66
2025-12-17T18:52:57.222+00:00,hum-sensor,humidity,38.1
2025-12-17T18:53:18.233+00:00,hum-sensor,humidity,43.7
2025-12-17T18:53:20.244+00:00,hum-sensor,humidity,74.1
2025-12-17T18:53:41.267+00:00,hum-sensor,humidity,53.3
2025-12-17T18:53:42.277+00:00,hum-sensor,humidity,54.1
2025-12-17T18:54:02.278+00:00,hum-sensor,humidity,33.5
2025-12-17T18:54:31.388+00:00,hum-sensor,humidity,42.5
2025-12-17T18:54:53.446+00:00,hum-sensor,humidity,40.9
2025-12-17T18:55:14.465+00:00,hum-sensor,humidity,64.7
2025-12-17T18:55:52.476+00:00,hum-sensor,humidity,85.3
2025-12-17T18:55:54.481+00:00,hum-sensor,humidity,34.5
2025-12-17T18:56:15.499+00:00,hum-sensor,humidity,33.3
2025-12-17T18:56:16.500+00:00,hum-sensor,humidity,60.1
2025-12-17T18:56:35.579+00:00,hum-sensor,humidity,40.5
2025-12-17T18:56:56.596+00:00,hum-sensor,humidity,56.7
2025-12-17T18:57:17.620+00:00,hum-sensor,humidity,51.7
2025-12-17T18:57:38.639+00:00,hum-sensor,humidity,74.7
2025-12-17T18:57:59.649+00:00,hum-sensor,humidity,76.2
2025-12-17T18:58:28.688+00:00,hum-sensor,humidity,60.3
2025-12-17T18:58:50.695+00:00,hum-sensor,humidity,42.8
2025-12-17T18:59:12.706+00:00,hum-sensor,humidity,59.9
2025-12-17T18:59:47.856+00:00,hum-sensor,humidity,59.5
2025-12-17T18:59:49.858+00:00,hum-sensor,humidity,51.4
2025-12-17T19:00:09.866+00:00,hum-sensor,humidity,43.7
2025-12-17T19:00:37.873+00:00,hum-sensor,humidity,51.4
2025-12-17T19:00:39.851+00:00,hum-sensor,humidity,34.1
2025-12-17T19:00:58.879+00:00,hum-sensor,humidity,83.8
2025-12-17T19:01:53.053+00:00,hum-sensor,humidity,37.5
2025-12-17T19:02:14.058+00:00,hum-sensor,humidity,81.5
2025-12-17T19:02:32.853+00:00,hum-sensor,humidity,87.5
2025-12-17T19:02:53.857+00:00,hum-sensor,humidity,74.8
2025-12-17T19:03:14.862+00:00,hum-sensor,humidity,88.8
2025-12-17T19:03:35.866+00:00,hum-sensor,humidity,56.2
2025-12-17T19:04:10.871+00:00,hum-sensor,humidity,34.7
2025-12-17T19:04:32.137+00:00,hum-sensor,humidity,59.3
2025-12-17T19:04:53.142+00:00,hum-sensor,humidity,33.4
2025-12-17T19:05:14.145+00:00,hum-sensor,humidity,67.7
2025-12-17T19:05:35.150+00:00,hum-sensor,humidity,57.8
2025-12-17T19:05:56.853+00:00,hum-sensor,humidity,33.7
2025-12-17T19:06:17.856+00:00,hum-sensor,humidity,88.5
2025-12-17T19:06:38.859+00:00,hum-sensor,humidity,57.5
2025-12-17T19:06:59.864+00:00,hum-sensor,humidity,48.6
2025-12-17T19:07:20.867+00:00,hum-sensor,humidity,35.2
2025-12-17T19:07:22.870+00:00,hum-sensor,humidity,58.2
2025-12-17T19:07:43.875+00:00,hum-sensor,humidity,82.5
2025-12-17T19:08:04.878+00:00,hum-sensor,humidity,83.4
2025-12-17T19:08:25.881+00:00,hum-sensor,humidity,68.4
2025-12-17T19:08:46.885+00:00,hum-sensor,humidity,81.1
2025-12-17T19:09:07.889+00:00,hum-sensor,humidity,75.8
2025-12-17T19:09:45.893+00:00,hum-sensor,humidity,67.3
2025-12-17T19:10:03.367+00:00,hum-sensor,humidity,73.7
2025-12-17T19:10:24.372+00:00,hum-sensor,humidity,45.5
2025-12-17T19:10:45.376+00:00,hum-sensor,humidity,48.9
2025-12-17T19:10:46.385+00:00,hum-sensor,humidity,75.1
2025-12-17T19:11:07.389+00:00,hum-sensor,humidity,80.2
2025-12-17T19:11:08.393+00:00,hum-sensor,humidity,51.4
2025-12-17T19:11:28.393+00:00,hum-sensor,humidity,65.4
2025-12-17T19:11:50.459+00:00,hum-sensor,humidity,69.4
2025-12-17T19:12:11.463+00:00,hum-sensor,humidity,57.7
2025-12-17T19:12:32.467+00:00,hum-sensor,humidity,73.5
2025-12-17T19:12:53.473+00:00,hum-sensor,humidity,54.8
2025-12-17T19:13:14.476+00:00,hum-sensor,humidity,34.4
2025-12-17T19:13:35.908+00:00,hum-sensor,humidity,80.7
2025-12-17T19:13:56.912+00:00,hum-sensor,humidity,73
2025-12-17T19:14:17.914+00:00,hum-sensor,humidity,60.3
2025-12-17T19:14:38.918+00:00,hum-sensor,humidity,31.2
2025-12-17T19:14:59.923+00:00,hum-sensor,humidity,79.2
2025-12-17T19:15:20.928+00:00,hum-sensor,humidity,45.5
2025-12-17T19:15:40.865+00:00,hum-sensor,humidity,41.3
2025-12-17T19:15:41.866+00:00,hum-sensor,humidity,58.7
2025-12-17T19:16:03.875+00:00,hum-sensor,humidity,88.7
2025-12-17T19:16:28.879+00:00,hum-sensor,humidity,67.6
2025-12-17T19:16:56.034+00:00,hum-sensor,humidity,31.3
2025-12-17T19:17:17.037+00:00,hum-sensor,humidity,37.7
2025-12-17T19:17:38.041+00:00,hum-sensor,humidity,87.3
2025-12-17T19:17:59.046+00:00,hum-sensor,humidity,70.7
2025-12-17T19:18:20.049+00:00,hum-sensor,humidity,51.4
2025-12-17T19:18:41.052+00:00,hum-sensor,humidity,82.6
2025-12-17T19:19:02.057+00:00,hum-sensor,humidity,71.3
2025-12-17T19:19:24.061+00:00,hum-sensor,humidity,74.5
2025-12-17T19:19:45.066+00:00,hum-sensor,humidity,32.6
2025-12-17T19:20:06.069+00:00,hum-sensor,humidity,50.3
2025-12-17T19:20:27.074+00:00,hum-sensor,humidity,67.3
2025-12-17T19:20:28.075+00:00,hum-sensor,humidity,63.5
2025-12-17T19:20:48.953+00:00,hum-sensor,humidity,45.5
2025-12-17T19:21:35.962+00:00,hum-sensor,humidity,54.3
2025-12-17T19:21:57.973+00:00,hum-sensor,humidity,88.1
2025-12-17T19:22:18.977+00:00,hum-sensor,humidity,74
2025-12-17T19:22:39.862+00:00,hum-sensor,humidity,31.7
2025-12-17T19:23:00.867+00:00,hum-sensor,humidity,39.8
2025-12-17T19:23:02.863+00:00,hum-sensor,humidity,48.3
2025-12-17T19:23:21.870+00:00,hum-sensor,humidity,42.6
2025-12-17T19:23:42.876+00:00,hum-sensor,humidity,81.3
2025-12-17T19:24:07.101+00:00,hum-sensor,humidity,70
2025-12-17T19:24:28.106+00:00,hum-sensor,humidity,49.7
2025-12-17T19:24:54.120+00:00,hum-sensor,humidity,55.7
2025-12-17T19:25:15.125+00:00,hum-sensor,humidity,74.2
2025-12-17T19:25:36.128+00:00,hum-sensor,humidity,73
2025-12-17T19:25:57.132+00:00,hum-sensor,humidity,34.8
2025-12-17T19:26:18.137+00:00,hum-sensor,humidity,32.8
2025-12-17T19:26:39.202+00:00,hum-sensor,humidity,63.3
2025-12-17T19:26:41.202+00:00,hum-sensor,humidity,38.4
2025-12-17T19:27:02.208+00:00,hum-sensor,humidity,84.9
2025-12-17T19:27:23.211+00:00,hum-sensor,humidity,54.8
2025-12-17T19:27:44.217+00:00,hum-sensor,humidity,87.2
2025-12-17T19:28:05.256+00:00,hum-sensor,humidity,35.6
2025-12-17T19:28:07.259+00:00,hum-sensor,humidity,71.2
2025-12-17T19:28:28.262+00:00,hum-sensor,humidity,50.1
2025-12-17T19:28:49.266+00:00,hum-sensor,humidity,61.7
2025-12-17T19:29:39.290+00:00,hum-sensor,humidity,33
2025-12-17T19:30:00.297+00:00,hum-sensor,humidity,80.7
2025-12-17T19:30:22.304+00:00,hum-sensor,humidity,78.3
2025-12-17T19:30:52.312+00:00,hum-sensor,humidity,81.1
2025-12-17T19:31:17.315+00:00,hum-sensor,humidity,32.3
2025-12-17T19:31:38.320+00:00,hum-sensor,humidity,84.2
2025-12-17T19:31:40.322+00:00,hum-sensor,humidity,33.5
2025-12-17T19:32:01.328+00:00,hum-sensor,humidity,62.1
2025-12-17T19:32:46.334+00:00,hum-sensor,humidity,76
2025-12-17T19:33:07.339+00:00,hum-sensor,humidity,57.7
2025-12-17T19:33:10.004+00:00,hum-sensor,humidity,71.5
2025-12-17T19:33:31.010+00:00,hum-sensor,humidity,33.9
2025-12-17T19:33:52.018+00:00,hum-sensor,humidity,81
2025-12-17T19:33:53.851+00:00,hum-sensor,humidity,41.3
2025-12-17T19:34:13.021+00:00,hum-sensor,humidity,59.9
2025-12-17T19:34:15.029+00:00,hum-sensor,humidity,83.9
2025-12-17T19:34:36.032+00:00,hum-sensor,humidity,62.1
2025-12-17T19:34:57.037+00:00,hum-sensor,humidity,40.5
2025-12-17T19:35:18.041+00:00,hum-sensor,humidity,85.9
2025-12-17T19:35:39.045+00:00,hum-sensor,humidity,56.3
2025-12-17T19:36:03.051+00:00,hum-sensor,humidity,66.7
2025-12-17T19:36:22.057+00:00,hum-sensor,humidity,54.9
2025-12-17T19:36:43.063+00:00,hum-sensor,humidity,41.5
2025-12-17T19:37:04.067+00:00,hum-sensor,humidity,66.9
2025-12-17T19:37:06.153+00:00,hum-sensor,humidity,63.4
2025-12-17T19:37:37.068+00:00,hum-sensor,humidity,78.2
2025-12-17T19:38:02.075+00:00,hum-sensor,humidity,53.2
2025-12-17T19:38:04.076+00:00,hum-sensor,humidity,38.5
2025-12-17T19:38:22.852+00:00,hum-sensor,humidity,30.7
2025-12-17T19:38:23.853+00:00,hum-sensor,humidity,61.6
2025-12-17T19:38:44.091+00:00,hum-sensor,humidity,62.4
2025-12-17T19:38:46.091+00:00,hum-sensor,humidity,79.1
2025-12-17T19:39:07.094+00:00,hum-sensor,humidity,78.4
2025-12-17T19:39:26.231+00:00,hum-sensor,humidity,41.6
2025-12-17T19:39:47.235+00:00,hum-sensor,humidity,39.1
2025-12-17T19:40:08.240+00:00,hum-sensor,humidity,31
2025-12-17T19:40:29.244+00:00,hum-sensor,humidity,37.5
2025-12-17T19:40:52.276+00:00,hum-sensor,humidity,81.6
2025-12-17T19:40:54.278+00:00,hum-sensor,humidity,64
2025-12-17T19:41:18.284+00:00,hum-sensor,humidity,72.1
2025-12-17T19:41:39.289+00:00,hum-sensor,humidity,82.5
2025-12-17T19:42:07.293+00:00,hum-sensor,humidity,48.4
2025-12-17T19:42:28.298+00:00,hum-sensor,humidity,46
2025-12-17T19:42:49.302+00:00,hum-sensor,humidity,49.5
2025-12-17T19:43:22.325+00:00,hum-sensor,humidity,80.2
2025-12-17T19:43:49.333+00:00,hum-sensor,humidity,87.8
2025-12-17T19:44:14.338+00:00,hum-sensor,humidity,38.9
2025-12-17T19:44:35.342+00:00,hum-sensor,humidity,86.2
2025-12-17T19:44:36.349+00:00,hum-sensor,humidity,44.4
2025-12-17T19:45:05.987+00:00,hum-sensor,humidity,40.4
2025-12-17T19:45:26.994+00:00,hum-sensor,humidity,77.8
2025-12-17T19:45:47.997+00:00,hum-sensor,humidity,56.8
2025-12-17T19:46:09+00:00,hum-sensor,humidity,69.8
2025-12-17T19:46:31.016+00:00,hum-sensor,humidity,75.5
2025-12-17T19:46:52.021+00:00,hum-sensor,humidity,43.1
2025-12-17T19:46:54.024+00:00,hum-sensor,humidity,75.7
2025-12-17T19:47:15.031+00:00,hum-sensor,humidity,52.5
2025-12-17T19:47:36.036+00:00,hum-sensor,humidity,67.8
2025-12-17T19:47:57.041+00:00,hum-sensor,humidity,49.5
2025-12-17T19:48:18.046+00:00,hum-sensor,humidity,80.4
2025-12-17T19:48:39.049+00:00,hum-sensor,humidity,52.7
2025-12-17T19:48:41.051+00:00,hum-sensor,humidity,76.1
2025-12-17T19:49:00.059+00:00,hum-sensor,humidity,50.7
2025-12-17T19:49:23.057+00:00,hum-sensor,humidity,58.1
2025-12-17T19:49:52.063+00:00,hum-sensor,humidity,52
2025-12-17T19:50:13.066+00:00,hum-sensor,humidity,88.6
2025-12-17T19:50:14.079+00:00,hum-sensor,humidity,66.3
2025-12-17T19:50:34.082+00:00,hum-sensor,humidity,62.5
2025-12-17T19:50:55.086+00:00,hum-sensor,humidity,76
2025-12-17T19:50:56.086+00:00,hum-sensor,humidity,46.5
2025-12-17T19:50:57.954+00:00,hum-sensor,humidity,35.4
2025-12-17T19:51:31.853+00:00,hum-sensor,humidity,54.6
2025-12-17T19:51:52.861+00:00,hum-sensor,humidity,88.3
2025-12-17T19:52:13.865+00:00,hum-sensor,humidity,83
2025-12-17T19:52:15.995+00:00,hum-sensor,humidity,78.7
2025-12-17T19:52:51+00:00,hum-sensor,humidity,53.4
2025-12-17T19:53:12.880+00:00,hum-sensor,humidity,72.9
2025-12-17T19:53:34.885+00:00,hum-sensor,humidity,59.6
2025-12-17T19:53:55.889+00:00,hum-sensor,humidity,57
2025-12-17T19:53:57.850+00:00,hum-sensor,humidity,34.9
2025-12-17T19:54:14.853+00:00,hum-sensor,humidity,58.8
2025-12-17T19:54:35.913+00:00,hum-sensor,humidity,89.9
2025-12-17T19:54:56.921+00:00,hum-sensor,humidity,55.8
2025-12-17T19:55:17.928+00:00,hum-sensor,humidity,83.9
2025-12-17T19:55:38.933+00:00,hum-sensor,humidity,41.6
2025-12-17T19:56:03+00:00,hum-sensor,humidity,41.7
2025-12-17T19:56:24.003+00:00,hum-sensor,humidity,65.5
2025-12-17T19:56:25.851+00:00,hum-sensor,humidity,83.5
2025-12-19T18:09:50.661+00:00,hum-sensor,humidity,56.9
2025-12-19T18:09:52.668+00:00,hum-sensor,humidity,34.2
2025-12-19T18:10:11.702+00:00,hum-sensor,humidity,79.2
2025-12-19T18:10:32.707+00:00,hum-sensor,humidity,32.6
2025-12-19T18:10:53.713+00:00,hum-sensor,humidity,30.1
2025-12-19T18:10:55.718+00:00,hum-sensor,humidity,83.3
2025-12-19T18:11:16.724+00:00,hum-sensor,humidity,75.9
2025-12-19T18:11:40.732+00:00,hum-sensor,humidity,57.8
2025-12-19T18:12:01.737+00:00,hum-sensor,humidity,49.6
2025-12-19T18:12:22.741+00:00,hum-sensor,humidity,81.3
2025-12-19T18:12:43.746+00:00,hum-sensor,humidity,46.3
2025-12-19T18:13:04.750+00:00,hum-sensor,humidity,55.8
2025-12-19T18:13:25.754+00:00,hum-sensor,humidity,38.5
2025-12-19T18:13:26.755+00:00,hum-sensor,humidity,75
2025-12-19T18:13:53.778+00:00,hum-sensor,humidity,45.5
2025-12-19T18:14:39.788+00:00,hum-sensor,humidity,41.3
2025-12-19T18:15:00.793+00:00,hum-sensor,humidity,88.1
2025-12-19T18:15:03.680+00:00,hum-sensor,humidity,56.1
2025-12-19T18:15:24.684+00:00,hum-sensor,humidity,58.1
2025-12-19T18:15:45.689+00:00,hum-sensor,humidity,77.9
2025-12-19T18:16:06.699+00:00,hum-sensor,humidity,52.2
2025-12-19T18:16:27.703+00:00,hum-sensor,humidity,34.7
2025-12-19T18:16:48.709+00:00,hum-sensor,humidity,80.2
2025-12-19T18:17:09.714+00:00,hum-sensor,humidity,30.5
2025-12-19T18:17:10.717+00:00,hum-sensor,humidity,84.1
2025-12-19T18:17:37.722+00:00,hum-sensor,humidity,84.3
2025-12-19T18:17:58.726+00:00,hum-sensor,humidity,47.8
2025-12-19T18:18:19.731+00:00,hum-sensor,humidity,63.4
2025-12-19T18:18:40.736+00:00,hum-sensor,humidity,54.6
2025-12-19T18:18:42.660+00:00,hum-sensor,humidity,69.2
2025-12-19T18:19:02.777+00:00,hum-sensor,humidity,42.3
2025-12-19T18:19:23.782+00:00,hum-sensor,humidity,52
2025-12-19T18:19:44.787+00:00,hum-sensor,humidity,68.9
2025-12-19T18:20:05.792+00:00,hum-sensor,humidity,71.7
2025-12-19T18:20:26.799+00:00,hum-sensor,humidity,55.3
2025-12-19T18:20:46.834+00:00,hum-sensor,humidity,77.8
2025-12-19T18:20:48.660+00:00,hum-sensor,humidity,44
2025-12-19T18:21:09.666+00:00,hum-sensor,humidity,78.4
2025-12-19T18:21:30.670+00:00,hum-sensor,humidity,51.8
2025-12-19T18:21:32.887+00:00,hum-sensor,humidity,76.1
2025-12-19T18:21:51.663+00:00,hum-sensor,humidity,77
2025-12-19T18:22:12.667+00:00,hum-sensor,humidity,62.4
2025-12-19T18:22:40.672+00:00,hum-sensor,humidity,72.3
2025-12-19T18:23:11.813+00:00,hum-sensor,humidity,32.6
2025-12-19T18:23:32.818+00:00,hum-sensor,humidity,67.6
2025-12-19T18:23:53.823+00:00,hum-sensor,humidity,66.4
2025-12-19T18:24:14.828+00:00,hum-sensor,humidity,41.3
2025-12-19T18:24:43.849+00:00,hum-sensor,humidity,48.4
2025-12-19T18:25:05.857+00:00,hum-sensor,humidity,46
2025-12-19T18:25:26.866+00:00,hum-sensor,humidity,47.1
2025-12-19T18:25:47.870+00:00,hum-sensor,humidity,69.6
2025-12-19T18:26:08.875+00:00,hum-sensor,humidity,44.1
2025-12-19T18:26:36.881+00:00,hum-sensor,humidity,80.7
2025-12-19T18:26:57.887+00:00,hum-sensor,humidity,51.2
2025-12-19T18:27:18.892+00:00,hum-sensor,humidity,56.5
2025-12-19T18:27:39.897+00:00,hum-sensor,humidity,37.5
2025-12-19T18:28:00.903+00:00,hum-sensor,humidity,57.2
2025-12-19T18:28:21.908+00:00,hum-sensor,humidity,40.9
2025-12-19T18:28:42.913+00:00,hum-sensor,humidity,70.6
2025-12-19T18:28:44.660+00:00,hum-sensor,humidity,34.8
2025-12-19T18:29:01.664+00:00,hum-sensor,humidity,45
2025-12-19T18:29:24.940+00:00,hum-sensor,humidity,60.7
2025-12-19T18:29:28.941+00:00,hum-sensor,humidity,39.6
2025-12-19T18:29:51.950+00:00,hum-sensor,humidity,40.9
2025-12-19T18:30:10.956+00:00,hum-sensor,humidity,69.9
2025-12-19T18:30:31.962+00:00,hum-sensor,humidity,63.1
2025-12-19T18:30:32.962+00:00,hum-sensor,humidity,33.8
2025-12-19T18:30:52.967+00:00,hum-sensor,humidity,86
2025-12-19T18:31:16.319+00:00,hum-sensor,humidity,75
2025-12-19T18:31:48.325+00:00,hum-sensor,humidity,62
2025-12-19T18:32:09.340+00:00,hum-sensor,humidity,73
2025-12-19T18:32:30.348+00:00,hum-sensor,humidity,55.7
2025-12-19T18:32:51.353+00:00,hum-sensor,humidity,50.3
2025-12-19T18:33:12.356+00:00,hum-sensor,humidity,84.2
2025-12-19T18:33:33.360+00:00,hum-sensor,humidity,44.7
2025-12-19T18:33:54.431+00:00,hum-sensor,humidity,72.1
2025-12-19T18:34:32.436+00:00,hum-sensor,humidity,54.5
2025-12-19T18:35:00.441+00:00,hum-sensor,humidity,40.7
2025-12-19T18:35:22.452+00:00,hum-sensor,humidity,48.1
2025-12-19T18:35:47.465+00:00,hum-sensor,humidity,65.5
2025-12-19T18:36:05.663+00:00,hum-sensor,humidity,72.2
2025-12-19T18:36:26.666+00:00,hum-sensor,humidity,32.5
2025-12-19T18:36:47.669+00:00,hum-sensor,humidity,63.6
2025-12-19T18:37:08.673+00:00,hum-sensor,humidity,42.9
2025-12-19T18:37:29.683+00:00,hum-sensor,humidity,75.5
2025-12-19T18:37:50.689+00:00,hum-sensor,humidity,60.7
2025-12-19T18:38:09.662+00:00,hum-sensor,humidity,36.8
2025-12-19T18:38:11.696+00:00,hum-sensor,humidity,85.5
2025-12-19T18:38:32.701+00:00,hum-sensor,humidity,34
2025-12-19T18:38:54.602+00:00,hum-sensor,humidity,49.6
2025-12-19T18:39:15.611+00:00,hum-sensor,humidity,80.5
2025-12-19T18:39:36.616+00:00,hum-sensor,humidity,89
2025-12-19T18:40:14.628+00:00,hum-sensor,humidity,71.7
2025-12-19T18:40:35.633+00:00,hum-sensor,humidity,64
2025-12-19T18:40:36.660+00:00,hum-sensor,humidity,67.4
2025-12-19T18:41:04.640+00:00,hum-sensor,humidity,73.7
2025-12-19T18:41:24.650+00:00,hum-sensor,humidity,46.5
2025-12-19T18:41:49.656+00:00,hum-sensor,humidity,34.1
2025-12-19T18:42:10.660+00:00,hum-sensor,humidity,75.8
2025-12-19T18:42:31.665+00:00,hum-sensor,humidity,55.2
2025-12-19T18:42:52.670+00:00,hum-sensor,humidity,63.2
2025-12-19T18:43:13.674+00:00,hum-sensor,humidity,56.2
2025-12-19T18:43:34.680+00:00,hum-sensor,humidity,82.6
2025-12-19T18:43:55.688+00:00,hum-sensor,humidity,74.9
2025-12-19T18:44:16.694+00:00,hum-sensor,humidity,68.7
2025-12-19T18:44:37.699+00:00,hum-sensor,humidity,87.9
2025-12-19T18:44:58.705+00:00,hum-sensor,humidity,38.2
2025-12-19T18:45:19.711+00:00,hum-sensor,humidity,66.1
2025-12-19T18:45:40.716+00:00,hum-sensor,humidity,75.7
2025-12-19T18:45:42.828+00:00,hum-sensor,humidity,70.5
2025-12-19T18:46:10.838+00:00,hum-sensor,humidity,30.7
2025-12-19T18:46:31.842+00:00,hum-sensor,humidity,50.6
2025-12-19T18:46:52.846+00:00,hum-sensor,humidity,76.4
2025-12-19T18:47:13.865+00:00,hum-sensor,humidity,73
2025-12-19T18:47:14.866+00:00,hum-sensor,humidity,51
2025-12-19T18:47:34.869+00:00,hum-sensor,humidity,84.9
2025-12-19T18:47:55.883+00:00,hum-sensor,humidity,66.2
2025-12-19T18:48:16.887+00:00,hum-sensor,humidity,37.5
2025-12-19T18:48:35.898+00:00,hum-sensor,humidity,45.9
2025-12-19T18:48:56.903+00:00,hum-sensor,humidity,41.6
2025-12-19T18:48:59.048+00:00,hum-sensor,humidity,56.9
2025-12-19T18:49:21.058+00:00,hum-sensor,humidity,40.7
2025-12-19T18:49:43.067+00:00,hum-sensor,humidity,60.3
2025-12-19T18:50:04.075+00:00,hum-sensor,humidity,59.7
2025-12-19T18:50:25.079+00:00,hum-sensor,humidity,36.9
2025-12-19T18:50:49.089+00:00,hum-sensor,humidity,74.1
2025-12-19T18:51:10.092+00:00,hum-sensor,humidity,32.7
2025-12-19T18:51:31.097+00:00,hum-sensor,humidity,86.4
2025-12-19T18:51:52.103+00:00,hum-sensor,humidity,66.4
2025-12-19T18:52:13.108+00:00,hum-sensor,humidity,62.4
2025-12-19T18:52:41.116+00:00,hum-sensor,humidity,35.7
2025-12-19T18:52:43.118+00:00,hum-sensor,humidity,67.6
2025-12-19T18:53:04.123+00:00,hum-sensor,humidity,52.7
2025-12-19T18:53:25.139+00:00,hum-sensor,humidity,40.1
2025-12-19T18:53:48.149+00:00,hum-sensor,humidity,85.6
2025-12-19T18:54:14.272+00:00,hum-sensor,humidity,86.2
2025-12-19T18:54:36.282+00:00,hum-sensor,humidity,81.7
2025-12-19T18:54:37.283+00:00,hum-sensor,humidity,80
2025-12-19T18:54:58.289+00:00,hum-sensor,humidity,31.4
2025-12-19T18:55:22.294+00:00,hum-sensor,humidity,84.8
2025-12-19T18:55:43.305+00:00,hum-sensor,humidity,56.9
2025-12-19T18:56:04.309+00:00,hum-sensor,humidity,61.8
2025-12-19T18:56:25.313+00:00,hum-sensor,humidity,52.8
2025-12-19T18:56:46.317+00:00,hum-sensor,humidity,64.8
2025-12-19T18:57:07.321+00:00,hum-sensor,humidity,48.4
2025-12-19T18:57:28.326+00:00,hum-sensor,humidity,54.4
2025-12-19T18:57:49.330+00:00,hum-sensor,humidity,77.8
2025-12-19T18:58:08.401+00:00,hum-sensor,humidity,82.2
2025-12-19T18:58:29.408+00:00,hum-sensor,humidity,53.2
2025-12-19T18:58:50.413+00:00,hum-sensor,humidity,39
2025-12-19T18:59:11.419+00:00,hum-sensor,humidity,54.4
2025-12-19T18:59:12.660+00:00,hum-sensor,humidity,33.9
2025-12-19T18:59:32.424+00:00,hum-sensor,humidity,37.8
2025-12-19T18:59:53.428+00:00,hum-sensor,humidity,83
2025-12-19T19:00:21.534+00:00,hum-sensor,humidity,35.1
2025-12-19T19:00:43.544+00:00,hum-sensor,humidity,47.8
2025-12-19T19:01:04.549+00:00,hum-sensor,humidity,71.4
2025-12-19T19:01:23.574+00:00,hum-sensor,humidity,50.4
2025-12-19T19:01:24.660+00:00,hum-sensor,humidity,60.9
2025-12-19T19:01:26.660+00:00,hum-sensor,humidity,66.2
2025-12-19T19:01:49.584+00:00,hum-sensor,humidity,82.1
2025-12-19T19:02:09.590+00:00,hum-sensor,humidity,51.9
2025-12-19T19:02:30.595+00:00,hum-sensor,humidity,56.1
2025-12-19T19:02:51.599+00:00,hum-sensor,humidity,74.2
2025-12-19T19:02:52.660+00:00,hum-sensor,humidity,47.9
2025-12-19T19:03:12.602+00:00,hum-sensor,humidity,73.3
2025-12-19T19:03:33.606+00:00,hum-sensor,humidity,88.7
2025-12-19T19:03:55.621+00:00,hum-sensor,humidity,65.4
2025-12-19T19:04:18.628+00:00,hum-sensor,humidity,57.5
2025-12-19T19:04:20.628+00:00,hum-sensor,humidity,55.9
2025-12-19T19:04:58.635+00:00,hum-sensor,humidity,33.1
2025-12-19T19:05:19.638+00:00,hum-sensor,humidity,44
2025-12-19T19:05:40.642+00:00,hum-sensor,humidity,38.3
2025-12-19T19:06:01.645+00:00,hum-sensor,humidity,50.1
2025-12-19T19:06:22.649+00:00,hum-sensor,humidity,83.2
2025-12-19T19:06:40.670+00:00,hum-sensor,humidity,89.7
2025-12-19T19:06:42.661+00:00,hum-sensor,humidity,81.5
2025-12-19T19:07:01.678+00:00,hum-sensor,humidity,35.9
2025-12-19T19:07:22.683+00:00,hum-sensor,humidity,75.3
2025-12-19T19:07:24.740+00:00,hum-sensor,humidity,60
2025-12-19T19:07:45.744+00:00,hum-sensor,humidity,39.8
2025-12-19T19:08:06.748+00:00,hum-sensor,humidity,70.8
2025-12-19T19:08:27.752+00:00,hum-sensor,humidity,84.3
2025-12-19T19:08:48.757+00:00,hum-sensor,humidity,71.2
2025-12-19T19:09:09.760+00:00,hum-sensor,humidity,56.7
2025-12-19T19:09:33.764+00:00,hum-sensor,humidity,57.7
2025-12-19T19:09:54.768+00:00,hum-sensor,humidity,49.4
2025-12-19T19:10:15.770+00:00,hum-sensor,humidity,64.9
2025-12-19T19:10:16.771+00:00,hum-sensor,humidity,30.1
2025-12-19T19:10:36.774+00:00,hum-sensor,humidity,88.9
2025-12-19T19:10:57.777+00:00,hum-sensor,humidity,53.3
2025-12-19T19:11:00.698+00:00,hum-sensor,humidity,51.4
2025-12-19T19:11:29.775+00:00,hum-sensor,humidity,56
2025-12-19T19:11:50.780+00:00,hum-sensor,humidity,71.8
2025-12-19T19:12:19.791+00:00,hum-sensor,humidity,54.1
2025-12-19T19:12:37.798+00:00,hum-sensor,humidity,42.5
2025-12-19T19:12:58.802+00:00,hum-sensor,humidity,69.8
2025-12-19T19:13:19.806+00:00,hum-sensor,humidity,56.3
2025-12-19T19:13:40.812+00:00,hum-sensor,humidity,84.4
2025-12-19T19:14:01.815+00:00,hum-sensor,humidity,36.4
2025-12-19T19:14:03.817+00:00,hum-sensor,humidity,31.3
2025-12-19T19:14:24.821+00:00,hum-sensor,humidity,72.2
2025-12-19T19:14:45.825+00:00,hum-sensor,humidity,84.6
2025-12-19T19:15:06.831+00:00,hum-sensor,humidity,42.1
2025-12-19T19:15:08.746+00:00,hum-sensor,humidity,65
2025-12-19T19:15:27.835+00:00,hum-sensor,humidity,54.2
2025-12-19T19:15:51.838+00:00,hum-sensor,humidity,41.7
2025-12-19T19:15:54.773+00:00,hum-sensor,humidity,85.6
2025-12-19T19:16:15.779+00:00,hum-sensor,humidity,86.8
2025-12-19T19:16:36.782+00:00,hum-sensor,humidity,81.5
2025-12-19T19:16:59.793+00:00,hum-sensor,humidity,43.2
2025-12-19T19:17:24.798+00:00,hum-sensor,humidity,72.6
2025-12-19T19:17:45.802+00:00,hum-sensor,humidity,51.2
2025-12-19T19:17:46.803+00:00,hum-sensor,humidity,49.8
2025-12-19T19:18:06.807+00:00,hum-sensor,humidity,58.3
2025-12-19T19:18:27.811+00:00,hum-sensor,humidity,38.1
2025-12-19T19:18:48.863+00:00,hum-sensor,humidity,38.3
2025-12-19T19:19:35.829+00:00,hum-sensor,humidity,48.2
2025-12-19T19:19:56.834+00:00,hum-sensor,humidity,80.5
2025-12-19T19:22:55.434+00:00,hum-sensor,humidity,38.9
2025-12-19T19:22:57.435+00:00,hum-sensor,humidity,74.5
2025-12-19T19:23:25.439+00:00,hum-sensor,humidity,63.7
2025-12-19T19:23:47.454+00:00,hum-sensor,humidity,30.5
2025-12-19T19:24:15.458+00:00,hum-sensor,humidity,47.3
2025-12-19T19:24:36.462+00:00,hum-sensor,humidity,50.2
2025-12-19T19:25:00.470+00:00,hum-sensor,humidity,83.6
2025-12-19T19:25:01.474+00:00,hum-sensor,humidity,86.3
2025-12-19T19:25:21.474+00:00,hum-sensor,humidity,66.9
2025-12-19T19:26:04.494+00:00,hum-sensor,humidity,36.4
2025-12-19T19:26:29.497+00:00,hum-sensor,humidity,64
2025-12-19T19:26:50.502+00:00,hum-sensor,humidity,56.2
2025-12-19T19:26:51.598+00:00,hum-sensor,humidity,53.5
2025-12-19T19:27:11.507+00:00,hum-sensor,humidity,38.8
2025-12-19T19:27:30.515+00:00,hum-sensor,humidity,69.2
2025-12-19T19:27:31.516+00:00,hum-sensor,humidity,56.7
2025-12-19T19:27:51.519+00:00,hum-sensor,humidity,76.4
2025-12-19T19:28:12.522+00:00,hum-sensor,humidity,59.8
2025-12-19T19:28:33.526+00:00,hum-sensor,humidity,42
2025-12-19T19:28:54.549+00:00,hum-sensor,humidity,79.8
2025-12-19T19:29:15.554+00:00,hum-sensor,humidity,89.5
2025-12-19T19:29:50.560+00:00,hum-sensor,humidity,73.5
2025-12-19T19:30:29.584+00:00,hum-sensor,humidity,60.3
2025-12-19T19:30:31.586+00:00,hum-sensor,humidity,62.9
2025-12-19T19:30:52.589+00:00,hum-sensor,humidity,30.6
2025-12-19T19:30:54.593+00:00,hum-sensor,humidity,44.3
2025-12-19T19:31:15.597+00:00,hum-sensor,humidity,89.7
2025-12-19T19:31:36.601+00:00,hum-sensor,humidity,37
2025-12-19T19:31:38.603+00:00,hum-sensor,humidity,45.2
2025-12-19T19:31:59.609+00:00,hum-sensor,humidity,80.5
2025-12-19T19:32:20.612+00:00,hum-sensor,humidity,76
2025-12-19T19:32:38.616+00:00,hum-sensor,humidity,80.1
2025-12-19T19:33:02.626+00:00,hum-sensor,humidity,63
2025-12-19T19:33:03.629+00:00,hum-sensor,humidity,42.5
2025-12-19T19:33:20.632+00:00,hum-sensor,humidity,75.2
2025-12-19T19:33:38.646+00:00,hum-sensor,humidity,65
2025-12-19T19:33:40.648+00:00,hum-sensor,humidity,35.9
2025-12-19T19:34:01.653+00:00,hum-sensor,humidity,44
2025-12-19T19:34:22.656+00:00,hum-sensor,humidity,71.2
2025-12-19T19:34:43.660+00:00,hum-sensor,humidity,49.2
2025-12-19T19:35:02.618+00:00,hum-sensor,humidity,59.7
2025-12-19T19:35:03.619+00:00,hum-sensor,humidity,35.7
2025-12-19T19:35:24.628+00:00,hum-sensor,humidity,77.1
2025-12-19T19:35:45.634+00:00,hum-sensor,humidity,67.7
2025-12-19T19:36:09.642+00:00,hum-sensor,humidity,45.4
2025-12-19T19:36:30.686+00:00,hum-sensor,humidity,61.9
2025-12-19T19:36:51.690+00:00,hum-sensor,humidity,85.2
2025-12-19T19:36:53.434+00:00,hum-sensor,humidity,52.2
2025-12-19T19:37:12.694+00:00,hum-sensor,humidity,72.8
2025-12-19T19:37:13.695+00:00,hum-sensor,humidity,76.2
2025-12-19T19:37:50.699+00:00,hum-sensor,humidity,71.2
2025-12-19T19:38:11.702+00:00,hum-sensor,humidity,73.4
2025-12-19T19:38:32.705+00:00,hum-sensor,humidity,84.9
2025-12-19T19:38:54.490+00:00,hum-sensor,humidity,34.6
2025-12-19T19:39:19.495+00:00,hum-sensor,humidity,64
2025-12-19T19:39:40.499+00:00,hum-sensor,humidity,36.7
2025-12-19T19:40:01.502+00:00,hum-sensor,humidity,45.7
2025-12-19T19:40:21.516+00:00,hum-sensor,humidity,41.2
2025-12-19T19:40:42.521+00:00,hum-sensor,humidity,31.2
2025-12-19T19:41:03.524+00:00,hum-sensor,humidity,44.6
2025-12-19T19:41:24.528+00:00,hum-sensor,humidity,74.5
2025-12-19T19:41:45.533+00:00,hum-sensor,humidity,62
2025-12-19T19:42:06.536+00:00,hum-sensor,humidity,57.9
2025-12-19T19:42:07.569+00:00,hum-sensor,humidity,71.1
2025-12-19T19:42:27.544+00:00,hum-sensor,humidity,74.7
2025-12-19T19:42:48.584+00:00,hum-sensor,humidity,69.9
2025-12-19T19:43:09.589+00:00,hum-sensor,humidity,60.6
2025-12-19T19:43:30.592+00:00,hum-sensor,humidity,58.1
2025-12-19T19:43:51.598+00:00,hum-sensor,humidity,60.2
2025-12-19T19:43:53.601+00:00,hum-sensor,humidity,89.9
