2025-12-17T14:50:49.965+00:00,vib-sensor,vibration,8.1
2025-12-17T14:51:11.978+00:00,vib-sensor,vibration,9.5
2025-12-17T14:51:22.989+00:00,vib-sensor,vibration,10.4
2025-12-17T14:51:45.003+00:00,vib-sensor,vibration,3.9
2025-12-17T14:51:56.013+00:00,vib-sensor,vibration,9.2
2025-12-17T14:52:18.027+00:00,vib-sensor,vibration,2.5
2025-12-17T14:53:02.047+00:00,vib-sensor,vibration,5.9
2025-12-17T14:53:24.060+00:00,vib-sensor,vibration,3.4
2025-12-17T14:53:35.070+00:00,vib-sensor,vibration,8.7
2025-12-17T14:53:57.084+00:00,vib-sensor,vibration,5.8
2025-12-17T14:54:08.094+00:00,vib-sensor,vibration,11.2
2025-12-17T14:54:19.104+00:00,vib-sensor,vibration,11.1
2025-12-17T14:54:41.117+00:00,vib-sensor,vibration,8.6
2025-12-17T14:54:52.127+00:00,vib-sensor,vibration,3.8
2025-12-17T14:55:03.136+00:00,vib-sensor,vibration,2.9
2025-12-17T14:55:14.147+00:00,vib-sensor,vibration,4.4
2025-12-17T14:55:36.161+00:00,vib-sensor,vibration,9.3
2025-12-17T14:56:04.185+00:00,vib-sensor,vibration,1.6
2025-12-17T14:56:26.200+00:00,vib-sensor,vibration,13.5
2025-12-17T14:56:37.209+00:00,vib-sensor,vibration,2.9
2025-12-17T14:56:54.220+00:00,vib-sensor,vibration,8.2
2025-12-17T14:57:05.228+00:00,vib-sensor,vibration,10.8
2025-12-17T14:57:16.241+00:00,vib-sensor,vibration,4.6
2025-12-17T14:57:27.251+00:00,vib-sensor,vibration,0.7
2025-12-17T14:57:49.275+00:00,vib-sensor,vibration,11.5
2025-12-17T14:58:11.291+00:00,vib-sensor,vibration,14.4
2025-12-17T14:58:22.300+00:00,vib-sensor,vibration,3.5
2025-12-17T14:59:06.318+00:00,vib-sensor,vibration,5.8
2025-12-17T14:59:28.331+00:00,vib-sensor,vibration,13.5
2025-12-17T15:00:02.351+00:00,vib-sensor,vibration,5.2
2025-12-17T15:00:35.366+00:00,vib-sensor,vibration,5.7
2025-12-17T15:00:57.380+00:00,vib-sensor,vibration,12.5
2025-12-17T15:01:14.391+00:00,vib-sensor,vibration,3.4
2025-12-17T15:01:25.401+00:00,vib-sensor,vibration,10.2
2025-12-17T15:01:36.411+00:00,vib-sensor,vibration,1.2
2025-12-17T15:01:47.422+00:00,vib-sensor,vibration,3.8
2025-12-17T15:01:58.430+00:00,vib-sensor,vibration,4.6
2025-12-17T15:02:09.441+00:00,vib-sensor,vibration,14.3
2025-12-17T15:02:20.450+00:00,vib-sensor,vibration,14
2025-12-17T15:02:31.458+00:00,vib-sensor,vibration,9.9
2025-12-17T15:02:53.473+00:00,vib-sensor,vibration,3.6
2025-12-17T15:03:15.487+00:00,vib-sensor,vibration,5.1
2025-12-17T15:03:26.496+00:00,vib-sensor,vibration,8
2025-12-17T15:03:37.505+00:00,vib-sensor,vibration,13.6
2025-12-17T15:03:59.518+00:00,vib-sensor,vibration,1
2025-12-17T15:04:27.532+00:00,vib-sensor,vibration,1.7
2025-12-17T15:04:49.544+00:00,vib-sensor,vibration,4.6
2025-12-17T15:05:00.554+00:00,vib-sensor,vibration,7.5
2025-12-17T15:05:11.562+00:00,vib-sensor,vibration,14.1
2025-12-17T15:05:22.574+00:00,vib-sensor,vibration,13.2
2025-12-17T15:05:33.584+00:00,vib-sensor,vibration,4.5
2025-12-17T15:05:44.594+00:00,vib-sensor,vibration,1.8
2025-12-17T15:06:12.608+00:00,vib-sensor,vibration,5.4
2025-12-17T15:06:23.616+00:00,vib-sensor,vibration,2
2025-12-17T15:06:34.626+00:00,vib-sensor,vibration,2.2
2025-12-17T15:06:56.639+00:00,vib-sensor,vibration,3.4
2025-12-17T15:07:07.648+00:00,vib-sensor,vibration,5.6
2025-12-17T15:07:18.657+00:00,vib-sensor,vibration,1.1
2025-12-17T15:07:29.666+00:00,vib-sensor,vibration,11.7
2025-12-17T15:07:51.677+00:00,vib-sensor,vibration,4.3
2025-12-17T15:08:02.687+00:00,vib-sensor,vibration,14.1
2025-12-17T15:08:13.697+00:00,vib-sensor,vibration,12.2
2025-12-17T15:08:24.706+00:00,vib-sensor,vibration,7.8
2025-12-17T15:08:52.720+00:00,vib-sensor,vibration,4.6
2025-12-17T15:09:14.733+00:00,vib-sensor,vibration,9.5
2025-12-17T15:09:42.753+00:00,vib-sensor,vibration,6.9
2025-12-17T15:09:53.763+00:00,vib-sensor,vibration,9.9
2025-12-17T15:10:15.775+00:00,vib-sensor,vibration,8.7
2025-12-17T15:10:37.789+00:00,vib-sensor,vibration,6
2025-12-17T15:10:59.803+00:00,vib-sensor,vibration,4.8
2025-12-17T15:11:10.812+00:00,vib-sensor,vibration,12.4
2025-12-17T15:11:32.826+00:00,vib-sensor,vibration,1.5
2025-12-17T15:11:54.839+00:00,vib-sensor,vibration,0.7
2025-12-17T15:12:16.854+00:00,vib-sensor,vibration,11.1
2025-12-17T15:12:27.863+00:00,vib-sensor,vibration,11.2
2025-12-17T15:12:49.878+00:00,vib-sensor,vibration,0.5
2025-12-17T15:13:11.891+00:00,vib-sensor,vibration,12.5
2025-12-17T15:13:22.900+00:00,vib-sensor,vibration,4.3
2025-12-17T15:13:44.915+00:00,vib-sensor,vibration,14.6
2025-12-17T15:13:55.924+00:00,vib-sensor,vibration,7.3
2025-12-17T15:14:06.933+00:00,vib-sensor,vibration,8.7
2025-12-17T15:14:17.942+00:00,vib-sensor,vibration,5.2
2025-12-17T15:14:45.959+00:00,vib-sensor,vibration,3.7
2025-12-17T15:15:07.982+00:00,vib-sensor,vibration,4.6
2025-12-17T15:15:18.992+00:00,vib-sensor,vibration,11.7
2025-12-17T15:15:30.002+00:00,vib-sensor,vibration,13.2
2025-12-17T15:15:52.016+00:00,vib-sensor,vibration,0.5
2025-12-17T15:16:03.026+00:00,vib-sensor,vibration,14.5
2025-12-17T15:16:14.036+00:00,vib-sensor,vibration,7.5
2025-12-17T15:16:32.047+00:00,vib-sensor,vibration,7.3
2025-12-17T15:16:43.056+00:00,vib-sensor,vibration,3.7
2025-12-17T15:17:05.070+00:00,vib-sensor,vibration,8
2025-12-17T15:17:27.084+00:00,vib-sensor,vibration,3.7
2025-12-17T15:17:49.097+00:00,vib-sensor,vibration,7.4
2025-12-17T15:18:00.107+00:00,vib-sensor,vibration,6.7
2025-12-17T15:18:11.117+00:00,vib-sensor,vibration,7.4
2025-12-17T15:18:12.117+00:00,vib-sensor,vibration,13.2
2025-12-17T15:18:34.134+00:00,vib-sensor,vibration,3.7
2025-12-17T15:18:45.141+00:00,vib-sensor,vibration,12.8
2025-12-17T15:18:56.150+00:00,vib-sensor,vibration,2.7
2025-12-17T15:19:07.159+00:00,vib-sensor,vibration,14.1
2025-12-17T15:19:18.168+00:00,vib-sensor,vibration,3.7
2025-12-17T15:19:29.179+00:00,vib-sensor,vibration,0.6
2025-12-17T15:19:40.188+00:00,vib-sensor,vibration,9.5
2025-12-17T15:19:51.198+00:00,vib-sensor,vibration,0.4
2025-12-17T15:20:02.208+00:00,vib-sensor,vibration,14.6
2025-12-17T15:20:30.225+00:00,vib-sensor,vibration,0.4
2025-12-17T15:20:41.234+00:00,vib-sensor,vibration,1.6
2025-12-17T15:20:52.244+00:00,vib-sensor,vibration,8.2
2025-12-17T15:21:04.254+00:00,vib-sensor,vibration,7.5
2025-12-17T15:21:48.274+00:00,vib-sensor,vibration,2
2025-12-17T15:21:59.283+00:00,vib-sensor,vibration,7.7
2025-12-17T15:22:21.296+00:00,vib-sensor,vibration,7.3
2025-12-17T15:22:32.305+00:00,vib-sensor,vibration,2.7
2025-12-17T15:22:54.319+00:00,vib-sensor,vibration,9.3
2025-12-17T15:23:16.332+00:00,vib-sensor,vibration,9.8
2025-12-17T15:23:27.342+00:00,vib-sensor,vibration,11.3
2025-12-17T15:23:38.351+00:00,vib-sensor,vibration,7.7
2025-12-17T15:23:49.360+00:00,vib-sensor,vibration,5.6
2025-12-17T15:24:00.371+00:00,vib-sensor,vibration,14.3
2025-12-17T15:24:11.379+00:00,vib-sensor,vibration,2.5
2025-12-17T15:24:27.390+00:00,vib-sensor,vibration,14.6
2025-12-17T15:24:38.399+00:00,vib-sensor,vibration,2.6
2025-12-17T15:25:00.412+00:00,vib-sensor,vibration,1.3
2025-12-17T15:25:22.425+00:00,vib-sensor,vibration,6.7
2025-12-17T15:25:50.441+00:00,vib-sensor,vibration,5.3
2025-12-17T15:26:01.449+00:00,vib-sensor,vibration,12.9
2025-12-17T15:26:23.461+00:00,vib-sensor,vibration,13.5
2025-12-17T15:26:34.471+00:00,vib-sensor,vibration,5
2025-12-17T15:26:51.482+00:00,vib-sensor,vibration,11.2
2025-12-17T15:27:13.495+00:00,vib-sensor,vibration,5.4
2025-12-17T15:27:35.508+00:00,vib-sensor,vibration,8.8
2025-12-17T15:27:46.517+00:00,vib-sensor,vibration,2.2
2025-12-17T15:27:57.527+00:00,vib-sensor,vibration,14.4
2025-12-17T15:28:19.542+00:00,vib-sensor,vibration,3.9
2025-12-17T15:28:30.551+00:00,vib-sensor,vibration,1.8
2025-12-17T15:28:41.561+00:00,vib-sensor,vibration,2.8
2025-12-17T15:28:58.570+00:00,vib-sensor,vibration,12.3
2025-12-17T15:29:09.578+00:00,vib-sensor,vibration,13.9
2025-12-17T15:29:31.591+00:00,vib-sensor,vibration,6.9
2025-12-17T15:29:42.601+00:00,vib-sensor,vibration,14.5
2025-12-17T15:29:53.612+00:00,vib-sensor,vibration,11.4
2025-12-17T15:30:04.621+00:00,vib-sensor,vibration,13.6
2025-12-17T15:30:15.630+00:00,vib-sensor,vibration,12.5
2025-12-17T15:30:48.649+00:00,vib-sensor,vibration,13
2025-12-17T15:30:59.659+00:00,vib-sensor,vibration,12.9
2025-12-17T15:31:10.668+00:00,vib-sensor,vibration,8.8
2025-12-17T15:31:21.677+00:00,vib-sensor,vibration,13.4
2025-12-17T15:31:32.686+00:00,vib-sensor,vibration,10.2
2025-12-17T15:32:25.594+00:00,vib-sensor,vibration,0.1
2025-12-17T15:32:47.607+00:00,vib-sensor,vibration,7.6
2025-12-17T15:33:09.622+00:00,vib-sensor,vibration,7.3
2025-12-17T15:33:31.636+00:00,vib-sensor,vibration,4.9
2025-12-17T15:33:54.647+00:00,vib-sensor,vibration,3.8
2025-12-17T15:34:05.657+00:00,vib-sensor,vibration,4.5
2025-12-17T15:34:27.669+00:00,vib-sensor,vibration,3
2025-12-17T15:34:55.682+00:00,vib-sensor,vibration,4.8
2025-12-17T15:35:06.691+00:00,vib-sensor,vibration,13.8
2025-12-17T15:35:17.700+00:00,vib-sensor,vibration,9.2
2025-12-17T15:35:19.574+00:00,vib-sensor,vibration,6
2025-12-17T15:35:41.588+00:00,vib-sensor,vibration,0.9
2025-12-17T15:36:03.601+00:00,vib-sensor,vibration,11.9
2025-12-17T15:36:25.617+00:00,vib-sensor,vibration,3.9
2025-12-17T15:36:42.629+00:00,vib-sensor,vibration,4.4
2025-12-17T15:36:53.639+00:00,vib-sensor,vibration,0.9
2025-12-17T15:37:04.649+00:00,vib-sensor,vibration,12
2025-12-17T15:37:05.650+00:00,vib-sensor,vibration,12.3
2025-12-17T15:37:27.666+00:00,vib-sensor,vibration,10.6
2025-12-17T15:37:49.680+00:00,vib-sensor,vibration,4.6
2025-12-17T15:38:00.691+00:00,vib-sensor,vibration,12.9
2025-12-17T15:38:11.702+00:00,vib-sensor,vibration,1.6
2025-12-17T15:38:33.714+00:00,vib-sensor,vibration,10
2025-12-17T15:38:56.728+00:00,vib-sensor,vibration,6.3
2025-12-17T15:39:18.742+00:00,vib-sensor,vibration,0.2
2025-12-17T15:39:40.756+00:00,vib-sensor,vibration,9
2025-12-17T15:40:02.771+00:00,vib-sensor,vibration,14.3
2025-12-17T15:40:13.780+00:00,vib-sensor,vibration,3.8
2025-12-17T15:40:35.793+00:00,vib-sensor,vibration,7.9
2025-12-17T15:40:57.806+00:00,vib-sensor,vibration,13.8
2025-12-17T15:41:19.819+00:00,vib-sensor,vibration,5.5
2025-12-17T15:41:52.836+00:00,vib-sensor,vibration,11.4
2025-12-17T15:42:03.846+00:00,vib-sensor,vibration,10.5
2025-12-17T15:42:25.860+00:00,vib-sensor,vibration,13.4
2025-12-17T15:42:47.875+00:00,vib-sensor,vibration,7.2
2025-12-17T15:42:58.885+00:00,vib-sensor,vibration,5.2
2025-12-17T15:43:09.893+00:00,vib-sensor,vibration,4.5
2025-12-17T15:43:48.911+00:00,vib-sensor,vibration,2.7
2025-12-17T15:44:10.925+00:00,vib-sensor,vibration,7
2025-12-17T15:44:21.935+00:00,vib-sensor,vibration,4
2025-12-17T15:44:32.945+00:00,vib-sensor,vibration,8.6
2025-12-17T15:44:43.954+00:00,vib-sensor,vibration,2.2
2025-12-17T15:44:54.964+00:00,vib-sensor,vibration,1
2025-12-17T15:45:16.979+00:00,vib-sensor,vibration,11.6
2025-12-17T15:45:55.997+00:00,vib-sensor,vibration,3.9
2025-12-17T15:46:35.016+00:00,vib-sensor,vibration,6.1
2025-12-17T15:46:57.030+00:00,vib-sensor,vibration,9.8
2025-12-17T15:47:19.045+00:00,vib-sensor,vibration,0.2
2025-12-17T15:47:30.054+00:00,vib-sensor,vibration,0.9
2025-12-17T15:47:53.069+00:00,vib-sensor,vibration,6.4
2025-12-17T15:48:04.078+00:00,vib-sensor,vibration,10.9
2025-12-17T15:48:15.088+00:00,vib-sensor,vibration,8
2025-12-17T15:48:26.097+00:00,vib-sensor,vibration,11.1
2025-12-17T15:48:48.112+00:00,vib-sensor,vibration,5.1
2025-12-17T15:48:59.122+00:00,vib-sensor,vibration,3.6
2025-12-17T15:49:10.130+00:00,vib-sensor,vibration,11.8
2025-12-17T15:49:49.150+00:00,vib-sensor,vibration,14.7
2025-12-17T15:50:00.160+00:00,vib-sensor,vibration,0.5
2025-12-17T15:50:11.169+00:00,vib-sensor,vibration,5
2025-12-17T15:50:22.179+00:00,vib-sensor,vibration,7.8
2025-12-17T15:50:55.197+00:00,vib-sensor,vibration,5.2
2025-12-17T15:51:06.207+00:00,vib-sensor,vibration,9.7
2025-12-17T15:51:50.228+00:00,vib-sensor,vibration,3.2
2025-12-17T15:52:23.250+00:00,vib-sensor,vibration,13.5
2025-12-17T15:52:34.259+00:00,vib-sensor,vibration,8.4
2025-12-17T15:52:45.269+00:00,vib-sensor,vibration,6.6
2025-12-17T15:53:13.283+00:00,vib-sensor,vibration,2.3
2025-12-17T15:53:35.294+00:00,vib-sensor,vibration,14
2025-12-17T15:53:57.307+00:00,vib-sensor,vibration,5.5
2025-12-17T15:54:19.320+00:00,vib-sensor,vibration,6.8
2025-12-17T15:54:30.330+00:00,vib-sensor,vibration,8.4
2025-12-17T15:54:41.338+00:00,vib-sensor,vibration,14.3
2025-12-17T15:55:03.352+00:00,vib-sensor,vibration,12
2025-12-17T15:55:25.366+00:00,vib-sensor,vibration,14.7
2025-12-17T15:56:32.413+00:00,vib-sensor,vibration,14.4
2025-12-17T15:56:54.427+00:00,vib-sensor,vibration,13.4
2025-12-17T15:57:05.437+00:00,vib-sensor,vibration,5.4
2025-12-17T15:57:16.448+00:00,vib-sensor,vibration,9.6
2025-12-17T15:57:38.461+00:00,vib-sensor,vibration,13.8
2025-12-17T15:58:00.475+00:00,vib-sensor,vibration,9.8
2025-12-17T15:58:11.486+00:00,vib-sensor,vibration,2.1
2025-12-17T15:58:12.486+00:00,vib-sensor,vibration,10.3
2025-12-17T15:58:34.501+00:00,vib-sensor,vibration,8.5
2025-12-17T15:58:56.515+00:00,vib-sensor,vibration,3
2025-12-17T15:59:24.535+00:00,vib-sensor,vibration,12.7
2025-12-17T15:59:35.544+00:00,vib-sensor,vibration,4.1
2025-12-17T16:00:03.560+00:00,vib-sensor,vibration,14.4
2025-12-17T16:00:25.575+00:00,vib-sensor,vibration,6.9
2025-12-17T16:00:47.588+00:00,vib-sensor,vibration,3.8
2025-12-17T16:01:43.620+00:00,vib-sensor,vibration,4.3
2025-12-17T16:01:54.630+00:00,vib-sensor,vibration,6.5
2025-12-17T16:02:16.645+00:00,vib-sensor,vibration,1.9
2025-12-17T16:02:49.663+00:00,vib-sensor,vibration,0.2
2025-12-17T16:03:11.676+00:00,vib-sensor,vibration,4.9
2025-12-17T16:03:22.699+00:00,vib-sensor,vibration,6.2
2025-12-17T16:03:33.709+00:00,vib-sensor,vibration,6.6
2025-12-17T16:03:55.724+00:00,vib-sensor,vibration,9.7
2025-12-17T16:04:18.736+00:00,vib-sensor,vibration,5.7
2025-12-17T16:04:29.746+00:00,vib-sensor,vibration,13.7
2025-12-17T16:04:31.574+00:00,vib-sensor,vibration,12
2025-12-17T16:04:53.587+00:00,vib-sensor,vibration,11.1
2025-12-17T16:05:26.605+00:00,vib-sensor,vibration,13.9
2025-12-17T16:05:37.615+00:00,vib-sensor,vibration,3
2025-12-17T16:05:48.627+00:00,vib-sensor,vibration,9.3
2025-12-17T16:06:01.581+00:00,vib-sensor,vibration,13.4
2025-12-17T16:06:29.606+00:00,vib-sensor,vibration,5.9
2025-12-17T16:06:51.622+00:00,vib-sensor,vibration,9
2025-12-17T16:07:24.649+00:00,vib-sensor,vibration,7.2
2025-12-17T16:07:35.659+00:00,vib-sensor,vibration,12.2
2025-12-17T16:07:57.673+00:00,vib-sensor,vibration,14.8
2025-12-17T16:08:19.687+00:00,vib-sensor,vibration,10.8
2025-12-17T16:08:30.696+00:00,vib-sensor,vibration,7.5
2025-12-17T16:08:41.705+00:00,vib-sensor,vibration,7.5
2025-12-17T16:08:52.715+00:00,vib-sensor,vibration,2
2025-12-17T16:09:03.724+00:00,vib-sensor,vibration,6.6
2025-12-17T16:09:14.734+00:00,vib-sensor,vibration,1.1
2025-12-17T16:09:25.742+00:00,vib-sensor,vibration,9.4
2025-12-17T16:09:36.753+00:00,vib-sensor,vibration,8
2025-12-17T16:09:58.767+00:00,vib-sensor,vibration,9.9
2025-12-17T16:10:33.782+00:00,vib-sensor,vibration,11.3
2025-12-17T16:10:55.794+00:00,vib-sensor,vibration,10.7
2025-12-17T16:11:23.806+00:00,vib-sensor,vibration,14.5
2025-12-17T16:11:34.816+00:00,vib-sensor,vibration,8.9
2025-12-17T16:11:56.830+00:00,vib-sensor,vibration,0.8
2025-12-17T16:12:18.844+00:00,vib-sensor,vibration,8.6
2025-12-17T16:12:40.856+00:00,vib-sensor,vibration,1.8
2025-12-17T16:13:02.870+00:00,vib-sensor,vibration,11.6
2025-12-17T16:13:24.884+00:00,vib-sensor,vibration,8.1
2025-12-17T16:13:35.894+00:00,vib-sensor,vibration,2.8
2025-12-17T16:13:46.904+00:00,vib-sensor,vibration,7.6
2025-12-17T16:13:57.914+00:00,vib-sensor,vibration,2.2
2025-12-17T16:14:08.923+00:00,vib-sensor,vibration,0.9
2025-12-17T16:14:19.932+00:00,vib-sensor,vibration,13.4
2025-12-17T16:14:41.945+00:00,vib-sensor,vibration,10.2
2025-12-17T16:15:03.959+00:00,vib-sensor,vibration,8.3
2025-12-17T16:15:25.973+00:00,vib-sensor,vibration,2.8
2025-12-17T16:15:36.983+00:00,vib-sensor,vibration,5.7
2025-12-17T16:15:47.995+00:00,vib-sensor,vibration,9.5
2025-12-17T16:16:10.009+00:00,vib-sensor,vibration,11.7
2025-12-17T16:16:32.023+00:00,vib-sensor,vibration,13.7
2025-12-17T16:17:00.036+00:00,vib-sensor,vibration,12.3
2025-12-17T16:17:22.050+00:00,vib-sensor,vibration,8.6
2025-12-17T16:17:44.063+00:00,vib-sensor,vibration,8
2025-12-17T16:18:06.078+00:00,vib-sensor,vibration,2.1
2025-12-17T16:18:17.086+00:00,vib-sensor,vibration,0.3
2025-12-17T16:18:39.099+00:00,vib-sensor,vibration,5.7
2025-12-17T16:18:50.109+00:00,vib-sensor,vibration,4.9
2025-12-17T16:19:01.118+00:00,vib-sensor,vibration,1.1
2025-12-17T16:19:40.136+00:00,vib-sensor,vibration,0.1
2025-12-17T16:20:02.148+00:00,vib-sensor,vibration,9.4
2025-12-17T16:20:24.160+00:00,vib-sensor,vibration,7.1
2025-12-17T16:20:52.180+00:00,vib-sensor,vibration,10.5
2025-12-17T16:21:20.202+00:00,vib-sensor,vibration,9.2
2025-12-17T16:21:31.212+00:00,vib-sensor,vibration,13.8
2025-12-17T16:21:53.222+00:00,vib-sensor,vibration,13.2
2025-12-17T16:22:04.231+00:00,vib-sensor,vibration,2.5
2025-12-17T16:22:26.244+00:00,vib-sensor,vibration,9
2025-12-17T16:22:55.260+00:00,vib-sensor,vibration,13.5
2025-12-17T16:23:06.271+00:00,vib-sensor,vibration,1.1
2025-12-17T16:23:17.281+00:00,vib-sensor,vibration,7.4
2025-12-17T16:23:28.292+00:00,vib-sensor,vibration,8
2025-12-17T16:23:39.303+00:00,vib-sensor,vibration,3.8
2025-12-17T16:24:01.317+00:00,vib-sensor,vibration,7.7
2025-12-17T16:24:23.330+00:00,vib-sensor,vibration,1.5
2025-12-17T16:24:34.340+00:00,vib-sensor,vibration,0.8
2025-12-17T16:24:45.349+00:00,vib-sensor,vibration,4.4
2025-12-17T16:25:08.583+00:00,vib-sensor,vibration,4.4
2025-12-17T16:26:36.618+00:00,vib-sensor,vibration,2.6
2025-12-17T16:26:47.629+00:00,vib-sensor,vibration,10.1
2025-12-17T16:26:58.639+00:00,vib-sensor,vibration,4.9
2025-12-17T16:27:20.651+00:00,vib-sensor,vibration,12.5
2025-12-17T16:27:31.659+00:00,vib-sensor,vibration,12.1
2025-12-17T16:27:42.669+00:00,vib-sensor,vibration,9.1
2025-12-17T16:27:53.678+00:00,vib-sensor,vibration,5
2025-12-17T16:28:04.687+00:00,vib-sensor,vibration,9.7
2025-12-17T16:28:26.701+00:00,vib-sensor,vibration,5.4
2025-12-17T16:28:48.714+00:00,vib-sensor,vibration,12.7
2025-12-17T16:29:10.729+00:00,vib-sensor,vibration,11.6
2025-12-17T16:29:21.738+00:00,vib-sensor,vibration,5.6
2025-12-17T16:29:49.755+00:00,vib-sensor,vibration,10.6
2025-12-17T16:30:00.763+00:00,vib-sensor,vibration,6.4
2025-12-17T16:30:22.776+00:00,vib-sensor,vibration,1.3
2025-12-17T16:30:44.790+00:00,vib-sensor,vibration,11.2
2025-12-17T16:30:55.801+00:00,vib-sensor,vibration,12
2025-12-17T16:31:18.817+00:00,vib-sensor,vibration,4
2025-12-17T16:31:29.825+00:00,vib-sensor,vibration,1.3
2025-12-17T16:31:40.835+00:00,vib-sensor,vibration,0.6
2025-12-17T16:32:02.848+00:00,vib-sensor,vibration,6.5
2025-12-17T16:32:24.862+00:00,vib-sensor,vibration,12.3
2025-12-17T16:32:57.878+00:00,vib-sensor,vibration,11.4
2025-12-17T16:33:08.889+00:00,vib-sensor,vibration,9.2
2025-12-17T16:33:30.900+00:00,vib-sensor,vibration,6
2025-12-17T16:33:41.912+00:00,vib-sensor,vibration,4.8
2025-12-17T16:33:58.922+00:00,vib-sensor,vibration,4.5
2025-12-17T16:34:09.931+00:00,vib-sensor,vibration,2
2025-12-17T16:35:22.979+00:00,vib-sensor,vibration,4.4
2025-12-17T16:35:33.987+00:00,vib-sensor,vibration,2.8
2025-12-17T16:36:07.004+00:00,vib-sensor,vibration,15
2025-12-17T16:36:46.027+00:00,vib-sensor,vibration,12.2
2025-12-17T16:36:57.035+00:00,vib-sensor,vibration,9.9
2025-12-17T16:37:30.051+00:00,vib-sensor,vibration,0.9
2025-12-17T16:37:41.061+00:00,vib-sensor,vibration,8.3
2025-12-17T16:37:58.072+00:00,vib-sensor,vibration,8.4
2025-12-17T16:38:20.087+00:00,vib-sensor,vibration,2.3
2025-12-17T16:38:31.097+00:00,vib-sensor,vibration,1.4
2025-12-17T16:38:53.111+00:00,vib-sensor,vibration,13.1
2025-12-17T16:39:04.121+00:00,vib-sensor,vibration,14.7
2025-12-17T16:39:26.134+00:00,vib-sensor,vibration,11.4
2025-12-17T16:39:48.149+00:00,vib-sensor,vibration,0.5
2025-12-17T16:39:59.159+00:00,vib-sensor,vibration,6.7
2025-12-17T16:40:10.168+00:00,vib-sensor,vibration,3.4
2025-12-17T16:40:32.182+00:00,vib-sensor,vibration,12
2025-12-17T16:40:43.193+00:00,vib-sensor,vibration,12.7
2025-12-17T16:40:54.203+00:00,vib-sensor,vibration,7.6
2025-12-17T16:41:16.217+00:00,vib-sensor,vibration,1.7
2025-12-17T16:41:27.227+00:00,vib-sensor,vibration,14.6
2025-12-17T16:41:38.235+00:00,vib-sensor,vibration,1.3
2025-12-17T16:42:00.249+00:00,vib-sensor,vibration,14.1
2025-12-17T16:42:01.574+00:00,vib-sensor,vibration,5.5
2025-12-17T16:42:34.592+00:00,vib-sensor,vibration,8.1
2025-12-17T16:42:45.601+00:00,vib-sensor,vibration,13
2025-12-17T16:42:56.611+00:00,vib-sensor,vibration,10.9
2025-12-17T16:43:07.622+00:00,vib-sensor,vibration,10.8
2025-12-17T16:43:29.634+00:00,vib-sensor,vibration,13.7
2025-12-17T16:43:40.643+00:00,vib-sensor,vibration,8.3
2025-12-17T16:43:57.652+00:00,vib-sensor,vibration,3.4
2025-12-17T16:44:14.662+00:00,vib-sensor,vibration,3.6
2025-12-17T16:44:25.673+00:00,vib-sensor,vibration,12.8
2025-12-17T16:44:36.682+00:00,vib-sensor,vibration,15
2025-12-17T16:44:47.692+00:00,vib-sensor,vibration,0.7
2025-12-17T16:44:58.702+00:00,vib-sensor,vibration,6.8
2025-12-17T16:45:09.713+00:00,vib-sensor,vibration,14
2025-12-17T16:45:20.721+00:00,vib-sensor,vibration,14.4
2025-12-17T16:45:31.731+00:00,vib-sensor,vibration,5.7
2025-12-17T16:45:42.739+00:00,vib-sensor,vibration,0.6
2025-12-17T16:45:53.747+00:00,vib-sensor,vibration,14.7
2025-12-17T16:46:15.762+00:00,vib-sensor,vibration,11
2025-12-17T16:46:32.771+00:00,vib-sensor,vibration,7.2
2025-12-17T16:46:43.781+00:00,vib-sensor,vibration,14.1
2025-12-17T16:46:54.790+00:00,vib-sensor,vibration,11.1
2025-12-17T16:47:05.798+00:00,vib-sensor,vibration,5.5
2025-12-17T16:47:16.807+00:00,vib-sensor,vibration,14.9
2025-12-17T16:47:27.817+00:00,vib-sensor,vibration,0.2
2025-12-17T16:47:38.826+00:00,vib-sensor,vibration,8.2
2025-12-17T16:48:00.842+00:00,vib-sensor,vibration,8.8
2025-12-17T16:48:22.853+00:00,vib-sensor,vibration,10.4
2025-12-17T16:48:50.868+00:00,vib-sensor,vibration,10.8
2025-12-17T17:15:37.669+00:00,vib-sensor,vibration,14.9
2025-12-17T17:15:48.679+00:00,vib-sensor,vibration,13
2025-12-17T17:16:10.694+00:00,vib-sensor,vibration,11.4
2025-12-17T17:16:55.729+00:00,vib-sensor,vibration,9
2025-12-17T17:17:50.768+00:00,vib-sensor,vibration,10.9
2025-12-17T17:18:34.832+00:00,vib-sensor,vibration,2
2025-12-17T17:19:07.864+00:00,vib-sensor,vibration,5.2
2025-12-17T17:19:18.879+00:00,vib-sensor,vibration,13.3
2025-12-17T17:19:40.899+00:00,vib-sensor,vibration,7.9
2025-12-17T17:19:51.916+00:00,vib-sensor,vibration,11.9
2025-12-17T17:20:02.936+00:00,vib-sensor,vibration,5.8
2025-12-17T17:20:13.949+00:00,vib-sensor,vibration,6.6
2025-12-17T17:20:35.988+00:00,vib-sensor,vibration,2.6
2025-12-17T17:20:47.003+00:00,vib-sensor,vibration,9.3
2025-12-17T17:21:04.036+00:00,vib-sensor,vibration,14.8
2025-12-17T17:21:26.055+00:00,vib-sensor,vibration,10.1
2025-12-17T17:21:48.081+00:00,vib-sensor,vibration,13.7
2025-12-17T17:21:59.095+00:00,vib-sensor,vibration,6.1
2025-12-17T17:22:32.123+00:00,vib-sensor,vibration,0.9
2025-12-17T17:22:54.330+00:00,vib-sensor,vibration,11
2025-12-17T17:23:05.343+00:00,vib-sensor,vibration,8.2
2025-12-17T17:23:27.364+00:00,vib-sensor,vibration,1.4
2025-12-17T17:23:38.376+00:00,vib-sensor,vibration,8.9
2025-12-17T17:23:49.393+00:00,vib-sensor,vibration,10.5
2025-12-17T17:24:00.407+00:00,vib-sensor,vibration,5.1
2025-12-17T17:24:22.427+00:00,vib-sensor,vibration,0.7
2025-12-17T17:24:44.446+00:00,vib-sensor,vibration,8.3
2025-12-17T17:24:55.459+00:00,vib-sensor,vibration,7.6
2025-12-17T17:24:56.461+00:00,vib-sensor,vibration,6.8
2025-12-17T17:25:18.494+00:00,vib-sensor,vibration,8.6
2025-12-17T17:25:29.508+00:00,vib-sensor,vibration,14.5
2025-12-17T17:25:30.510+00:00,vib-sensor,vibration,10.1
2025-12-17T17:25:53.532+00:00,vib-sensor,vibration,12.4
2025-12-17T17:26:04.584+00:00,vib-sensor,vibration,9.5
2025-12-17T17:26:26.604+00:00,vib-sensor,vibration,3.1
2025-12-17T17:26:48.621+00:00,vib-sensor,vibration,0.2
2025-12-17T17:27:10.639+00:00,vib-sensor,vibration,3.9
2025-12-17T17:27:38.671+00:00,vib-sensor,vibration,0.7
2025-12-17T17:28:00.690+00:00,vib-sensor,vibration,5.6
2025-12-17T17:28:11.706+00:00,vib-sensor,vibration,6.3
2025-12-17T17:28:33.729+00:00,vib-sensor,vibration,6.3
2025-12-17T17:28:44.749+00:00,vib-sensor,vibration,6.3
2025-12-17T17:29:06.769+00:00,vib-sensor,vibration,9.3
2025-12-17T17:29:17.781+00:00,vib-sensor,vibration,8.9
2025-12-17T17:29:28.795+00:00,vib-sensor,vibration,13.1
2025-12-17T17:29:50.813+00:00,vib-sensor,vibration,3.8
2025-12-17T17:30:01.828+00:00,vib-sensor,vibration,8.4
2025-12-17T17:30:12.843+00:00,vib-sensor,vibration,14.9
2025-12-17T17:30:34.868+00:00,vib-sensor,vibration,12.1
2025-12-17T17:30:45.880+00:00,vib-sensor,vibration,12.7
2025-12-17T17:30:56.894+00:00,vib-sensor,vibration,14.1
2025-12-17T17:31:18.940+00:00,vib-sensor,vibration,7.3
2025-12-17T17:31:35.957+00:00,vib-sensor,vibration,8.7
2025-12-17T17:31:57.975+00:00,vib-sensor,vibration,0.6
2025-12-17T17:32:19.994+00:00,vib-sensor,vibration,14.8
2025-12-17T17:32:31.009+00:00,vib-sensor,vibration,12.6
2025-12-17T17:32:53.170+00:00,vib-sensor,vibration,11.2
2025-12-17T17:33:15.190+00:00,vib-sensor,vibration,7.9
2025-12-17T17:33:37.211+00:00,vib-sensor,vibration,1.2
2025-12-17T17:33:59.238+00:00,vib-sensor,vibration,12.3
2025-12-17T17:34:10.264+00:00,vib-sensor,vibration,10.5
2025-12-17T17:34:21.278+00:00,vib-sensor,vibration,0.4
2025-12-17T17:34:32.298+00:00,vib-sensor,vibration,0.3
2025-12-17T17:35:00.321+00:00,vib-sensor,vibration,0.3
2025-12-17T17:35:22.343+00:00,vib-sensor,vibration,12.1
2025-12-17T17:35:33.358+00:00,vib-sensor,vibration,4.4
2025-12-17T17:35:44.378+00:00,vib-sensor,vibration,14.7
2025-12-17T17:36:06.395+00:00,vib-sensor,vibration,7.6
2025-12-17T17:36:17.410+00:00,vib-sensor,vibration,1.6
2025-12-17T17:36:28.424+00:00,vib-sensor,vibration,2.6
2025-12-17T17:36:50.446+00:00,vib-sensor,vibration,11.8
2025-12-17T17:37:23.471+00:00,vib-sensor,vibration,8.8
2025-12-17T17:37:34.484+00:00,vib-sensor,vibration,6.4
2025-12-17T17:37:45.506+00:00,vib-sensor,vibration,6.8
2025-12-17T17:38:07.525+00:00,vib-sensor,vibration,8.8
2025-12-17T17:38:18.543+00:00,vib-sensor,vibration,1.9
2025-12-17T17:38:30.559+00:00,vib-sensor,vibration,2.3
2025-12-17T17:38:52.578+00:00,vib-sensor,vibration,1
2025-12-17T17:39:03.594+00:00,vib-sensor,vibration,4.3
2025-12-17T17:39:36.620+00:00,vib-sensor,vibration,7.4
2025-12-17T17:39:58.638+00:00,vib-sensor,vibration,5.2
2025-12-17T17:40:20.667+00:00,vib-sensor,vibration,8.6
2025-12-17T17:40:42.691+00:00,vib-sensor,vibration,11.3
2025-12-17T17:41:21.720+00:00,vib-sensor,vibration,8.4
2025-12-17T17:41:32.734+00:00,vib-sensor,vibration,13
2025-12-17T17:41:54.756+00:00,vib-sensor,vibration,2
2025-12-17T17:42:05.774+00:00,vib-sensor,vibration,3.6
2025-12-17T17:42:27.796+00:00,vib-sensor,vibration,9.1
2025-12-17T17:42:49.816+00:00,vib-sensor,vibration,8.6
2025-12-17T17:43:11.840+00:00,vib-sensor,vibration,5.4
2025-12-17T17:43:13.575+00:00,vib-sensor,vibration,5.9
2025-12-17T17:43:24.590+00:00,vib-sensor,vibration,6.5
2025-12-17T17:43:35.607+00:00,vib-sensor,vibration,11.6
2025-12-17T17:43:57.628+00:00,vib-sensor,vibration,6
2025-12-17T17:44:30.657+00:00,vib-sensor,vibration,10.8
2025-12-17T17:44:41.715+00:00,vib-sensor,vibration,12.9
2025-12-17T17:45:32.770+00:00,vib-sensor,vibration,7.5
2025-12-17T17:45:54.790+00:00,vib-sensor,vibration,10.7
2025-12-17T17:45:55.791+00:00,vib-sensor,vibration,9.4
2025-12-17T17:46:17.825+00:00,vib-sensor,vibration,2.9
2025-12-17T17:46:50.852+00:00,vib-sensor,vibration,3.4
2025-12-17T17:47:12.872+00:00,vib-sensor,vibration,15
2025-12-17T17:47:23.885+00:00,vib-sensor,vibration,9.8
2025-12-17T17:47:34.901+00:00,vib-sensor,vibration,3.5
2025-12-17T17:47:51.927+00:00,vib-sensor,vibration,4.7
2025-12-17T17:48:13.950+00:00,vib-sensor,vibration,13.2
2025-12-17T17:48:31.089+00:00,vib-sensor,vibration,3.1
2025-12-17T17:48:42.115+00:00,vib-sensor,vibration,4.6
2025-12-17T17:48:59.155+00:00,vib-sensor,vibration,3.5
2025-12-17T17:49:22.595+00:00,vib-sensor,vibration,14.7
2025-12-17T17:50:01.640+00:00,vib-sensor,vibration,10.9
2025-12-17T17:50:18.659+00:00,vib-sensor,vibration,9.3
2025-12-17T17:50:29.681+00:00,vib-sensor,vibration,11.3
2025-12-17T17:50:40.697+00:00,vib-sensor,vibration,6.5
2025-12-17T17:51:02.718+00:00,vib-sensor,vibration,3.8
2025-12-17T17:51:13.731+00:00,vib-sensor,vibration,14.5
2025-12-17T17:51:35.750+00:00,vib-sensor,vibration,6.2
2025-12-17T17:51:46.765+00:00,vib-sensor,vibration,11.8
2025-12-17T17:52:20.797+00:00,vib-sensor,vibration,5.6
2025-12-17T17:52:31.811+00:00,vib-sensor,vibration,1.2
2025-12-17T17:52:53.840+00:00,vib-sensor,vibration,10.5
2025-12-17T17:53:04.856+00:00,vib-sensor,vibration,4.8
2025-12-17T17:53:15.881+00:00,vib-sensor,vibration,10.9
2025-12-17T17:53:17.575+00:00,vib-sensor,vibration,13.4
2025-12-17T17:53:39.595+00:00,vib-sensor,vibration,5.4
2025-12-17T17:54:01.623+00:00,vib-sensor,vibration,2.2
2025-12-17T17:54:12.636+00:00,vib-sensor,vibration,2.8
2025-12-17T17:54:23.663+00:00,vib-sensor,vibration,8.1
2025-12-17T17:54:34.726+00:00,vib-sensor,vibration,7.1
2025-12-17T17:54:56.747+00:00,vib-sensor,vibration,4.9
2025-12-17T17:54:57.749+00:00,vib-sensor,vibration,12.6
2025-12-17T17:55:19.770+00:00,vib-sensor,vibration,7.2
2025-12-17T17:55:47.803+00:00,vib-sensor,vibration,4.1
2025-12-17T17:55:58.822+00:00,vib-sensor,vibration,4
2025-12-17T17:56:20.849+00:00,vib-sensor,vibration,2.8
2025-12-17T17:57:10.944+00:00,vib-sensor,vibration,1.2
2025-12-17T17:57:32.980+00:00,vib-sensor,vibration,1.8
2025-12-17T17:57:55.007+00:00,vib-sensor,vibration,1.3
2025-12-17T17:58:06.023+00:00,vib-sensor,vibration,11.5
2025-12-17T17:58:17.040+00:00,vib-sensor,vibration,1.1
2025-12-17T17:58:28.070+00:00,vib-sensor,vibration,9.1
2025-12-17T17:58:56.090+00:00,vib-sensor,vibration,8.9
2025-12-17T17:59:13.106+00:00,vib-sensor,vibration,3.3
2025-12-17T18:00:03.149+00:00,vib-sensor,vibration,11.8
2025-12-17T18:00:25.175+00:00,vib-sensor,vibration,2.7
2025-12-17T18:00:42.191+00:00,vib-sensor,vibration,2.3
2025-12-17T18:01:22.231+00:00,vib-sensor,vibration,2.2
2025-12-17T18:01:44.258+00:00,vib-sensor,vibration,8.6
2025-12-17T18:02:28.316+00:00,vib-sensor,vibration,9.6
2025-12-17T18:02:50.337+00:00,vib-sensor,vibration,9
2025-12-17T18:03:01.351+00:00,vib-sensor,vibration,14
2025-12-17T18:03:12.366+00:00,vib-sensor,vibration,13.1
2025-12-17T18:03:23.383+00:00,vib-sensor,vibration,3.4
2025-12-17T18:03:34.398+00:00,vib-sensor,vibration,9
2025-12-17T18:03:45.413+00:00,vib-sensor,vibration,3
2025-12-17T18:03:56.428+00:00,vib-sensor,vibration,11.8
2025-12-17T18:04:29.457+00:00,vib-sensor,vibration,11.3
2025-12-17T18:04:51.488+00:00,vib-sensor,vibration,14
2025-12-17T18:05:13.507+00:00,vib-sensor,vibration,2.3
2025-12-17T18:05:24.521+00:00,vib-sensor,vibration,13.2
2025-12-17T18:05:35.536+00:00,vib-sensor,vibration,0.3
2025-12-17T18:05:57.557+00:00,vib-sensor,vibration,0
2025-12-17T18:06:19.577+00:00,vib-sensor,vibration,6.1
2025-12-17T18:06:41.598+00:00,vib-sensor,vibration,13.2
2025-12-17T18:07:03.636+00:00,vib-sensor,vibration,12.8
2025-12-17T18:07:14.662+00:00,vib-sensor,vibration,9.4
2025-12-17T18:07:25.681+00:00,vib-sensor,vibration,7.9
2025-12-17T18:07:36.696+00:00,vib-sensor,vibration,11.8
2025-12-17T18:07:47.774+00:00,vib-sensor,vibration,8.6
2025-12-17T18:07:58.850+00:00,vib-sensor,vibration,7.8
2025-12-17T18:08:20.872+00:00,vib-sensor,vibration,9.8
2025-12-17T18:08:31.893+00:00,vib-sensor,vibration,9.2
2025-12-17T18:08:53.921+00:00,vib-sensor,vibration,8
2025-12-17T18:09:04.938+00:00,vib-sensor,vibration,9
2025-12-17T18:09:15.964+00:00,vib-sensor,vibration,6.4
2025-12-17T18:09:37.995+00:00,vib-sensor,vibration,5.4
2025-12-17T18:10:00.021+00:00,vib-sensor,vibration,11.6
2025-12-17T18:10:22.049+00:00,vib-sensor,vibration,10.8
2025-12-17T18:10:44.070+00:00,vib-sensor,vibration,8.3
2025-12-17T18:12:02.573+00:00,vib-sensor,vibration,8.5
2025-12-17T18:12:13.586+00:00,vib-sensor,vibration,12.4
2025-12-17T18:12:46.613+00:00,vib-sensor,vibration,7.3
2025-12-17T18:13:47.664+00:00,vib-sensor,vibration,10.8
2025-12-17T18:14:09.689+00:00,vib-sensor,vibration,3.3
2025-12-17T18:14:31.843+00:00,vib-sensor,vibration,12.8
2025-12-17T18:14:53.873+00:00,vib-sensor,vibration,1.2
2025-12-17T18:14:54.875+00:00,vib-sensor,vibration,8.1
2025-12-17T18:15:27.906+00:00,vib-sensor,vibration,12.5
2025-12-17T18:15:38.922+00:00,vib-sensor,vibration,12.2
2025-12-17T18:16:00.939+00:00,vib-sensor,vibration,8.3
2025-12-17T18:16:22.959+00:00,vib-sensor,vibration,6.9
2025-12-17T18:16:55.987+00:00,vib-sensor,vibration,1.4
2025-12-17T18:17:18.008+00:00,vib-sensor,vibration,9.8
2025-12-17T18:17:51.034+00:00,vib-sensor,vibration,5.6
2025-12-17T18:18:02.063+00:00,vib-sensor,vibration,4.6
2025-12-17T18:19:20.156+00:00,vib-sensor,vibration,11
2025-12-17T18:19:42.175+00:00,vib-sensor,vibration,1.6
2025-12-17T18:20:04.197+00:00,vib-sensor,vibration,6.2
2025-12-17T18:20:48.227+00:00,vib-sensor,vibration,10.5
2025-12-17T18:21:32.258+00:00,vib-sensor,vibration,9.1
2025-12-17T18:22:05.328+00:00,vib-sensor,vibration,2.7
2025-12-17T18:22:16.360+00:00,vib-sensor,vibration,7.7
2025-12-17T18:22:38.378+00:00,vib-sensor,vibration,8.9
2025-12-17T18:22:55.396+00:00,vib-sensor,vibration,12.7
2025-12-17T18:23:06.408+00:00,vib-sensor,vibration,14.7
2025-12-17T18:23:28.425+00:00,vib-sensor,vibration,13
2025-12-17T18:23:50.447+00:00,vib-sensor,vibration,9.5
2025-12-17T18:24:01.461+00:00,vib-sensor,vibration,3.3
2025-12-17T18:24:12.479+00:00,vib-sensor,vibration,4.9
2025-12-17T18:24:40.510+00:00,vib-sensor,vibration,8.1
2025-12-17T18:24:51.522+00:00,vib-sensor,vibration,10.2
2025-12-17T18:25:02.537+00:00,vib-sensor,vibration,14
2025-12-17T18:25:13.548+00:00,vib-sensor,vibration,10.9
2025-12-17T18:25:35.575+00:00,vib-sensor,vibration,6.2
2025-12-17T18:25:46.587+00:00,vib-sensor,vibration,0.1
2025-12-17T18:25:57.603+00:00,vib-sensor,vibration,3.8
2025-12-17T18:26:14.622+00:00,vib-sensor,vibration,0.6
2025-12-17T18:26:36.639+00:00,vib-sensor,vibration,14.2
2025-12-17T18:26:38.572+00:00,vib-sensor,vibration,6.2
2025-12-17T18:27:00.591+00:00,vib-sensor,vibration,2.9
2025-12-17T18:27:28.612+00:00,vib-sensor,vibration,12.6
2025-12-17T18:28:01.640+00:00,vib-sensor,vibration,11.7
2025-12-17T18:28:23.658+00:00,vib-sensor,vibration,11.1
2025-12-17T18:28:40.674+00:00,vib-sensor,vibration,4.2
2025-12-17T18:29:13.697+00:00,vib-sensor,vibration,12.7
2025-12-17T18:29:35.717+00:00,vib-sensor,vibration,11.7
2025-12-17T18:29:46.746+00:00,vib-sensor,vibration,3.7
2025-12-17T18:29:57.868+00:00,vib-sensor,vibration,8.8
2025-12-17T18:30:26.892+00:00,vib-sensor,vibration,6.4
2025-12-17T18:30:48.913+00:00,vib-sensor,vibration,3.5
2025-12-17T18:31:06.001+00:00,vib-sensor,vibration,0.9
2025-12-17T18:31:17.023+00:00,vib-sensor,vibration,0.2
2025-12-17T18:31:50.085+00:00,vib-sensor,vibration,10.8
2025-12-17T18:32:01.102+00:00,vib-sensor,vibration,12
2025-12-17T18:32:18.122+00:00,vib-sensor,vibration,13.9
2025-12-17T18:32:40.148+00:00,vib-sensor,vibration,0.6
2025-12-17T18:37:03.164+00:00,vib-sensor,vibration,2.5
2025-12-17T18:46:37.859+00:00,vib-sensor,vibration,4
2025-12-17T18:46:48.874+00:00,vib-sensor,vibration,5.5
2025-12-17T18:47:38.943+00:00,vib-sensor,vibration,0.5
2025-12-17T18:48:22.985+00:00,vib-sensor,vibration,7.7
2025-12-17T18:48:45.005+00:00,vib-sensor,vibration,10.2
2025-12-17T18:48:56.036+00:00,vib-sensor,vibration,4.2
2025-12-17T18:49:07.070+00:00,vib-sensor,vibration,12.1
2025-12-17T18:49:29.092+00:00,vib-sensor,vibration,4.5
2025-12-17T18:49:40.105+00:00,vib-sensor,vibration,2.4
2025-12-17T18:49:51.164+00:00,vib-sensor,vibration,4.4
2025-12-17T18:50:14.872+00:00,vib-sensor,vibration,9.8
2025-12-17T18:50:55.880+00:00,vib-sensor,vibration,3.7
2025-12-17T18:51:06.894+00:00,vib-sensor,vibration,1.1
2025-12-17T18:51:28.915+00:00,vib-sensor,vibration,5.6
2025-12-17T18:51:51.044+00:00,vib-sensor,vibration,13.2
2025-12-17T18:52:13.067+00:00,vib-sensor,vibration,14.4
2025-12-17T18:52:30.085+00:00,vib-sensor,vibration,10.3
2025-12-17T18:52:52.105+00:00,vib-sensor,vibration,9.8
2025-12-17T18:53:14.128+00:00,vib-sensor,vibration,6.3
2025-12-17T18:53:36.149+00:00,vib-sensor,vibration,3.9
2025-12-17T18:54:38.209+00:00,vib-sensor,vibration,9.2
2025-12-17T18:54:49.235+00:00,vib-sensor,vibration,12.3
2025-12-17T18:55:11.255+00:00,vib-sensor,vibration,12
2025-12-17T18:55:55.283+00:00,vib-sensor,vibration,5.4
2025-12-17T18:56:17.299+00:00,vib-sensor,vibration,13.7
2025-12-17T18:56:56.334+00:00,vib-sensor,vibration,6.8
2025-12-17T18:57:18.366+00:00,vib-sensor,vibration,10.5
2025-12-17T18:57:19.859+00:00,vib-sensor,vibration,0.8
2025-12-17T18:57:41.881+00:00,vib-sensor,vibration,3.2
2025-12-17T18:57:52.891+00:00,vib-sensor,vibration,5.8
2025-12-17T18:58:03.902+00:00,vib-sensor,vibration,13.3
2025-12-17T18:58:14.912+00:00,vib-sensor,vibration,14.1
2025-12-17T18:58:25.921+00:00,vib-sensor,vibration,0.2
2025-12-17T18:58:47.933+00:00,vib-sensor,vibration,1
2025-12-17T18:59:09.948+00:00,vib-sensor,vibration,7.7
2025-12-17T18:59:53.977+00:00,vib-sensor,vibration,5.4
2025-12-17T19:00:15.991+00:00,vib-sensor,vibration,1.2
2025-12-17T19:00:27.001+00:00,vib-sensor,vibration,6.9
2025-12-17T19:00:38.011+00:00,vib-sensor,vibration,15
2025-12-17T19:01:11.030+00:00,vib-sensor,vibration,1.3
2025-12-17T19:01:33.042+00:00,vib-sensor,vibration,8.8
2025-12-17T19:01:44.053+00:00,vib-sensor,vibration,3.1
2025-12-17T19:02:17.071+00:00,vib-sensor,vibration,10.1
2025-12-17T19:02:28.080+00:00,vib-sensor,vibration,0.1
2025-12-17T19:02:50.094+00:00,vib-sensor,vibration,9.9
2025-12-17T19:03:18.113+00:00,vib-sensor,vibration,3.5
2025-12-17T19:03:29.122+00:00,vib-sensor,vibration,13.1
2025-12-17T19:03:40.130+00:00,vib-sensor,vibration,11.7
2025-12-17T19:04:03.143+00:00,vib-sensor,vibration,6.2
2025-12-17T19:04:20.153+00:00,vib-sensor,vibration,0.9
2025-12-17T19:04:31.162+00:00,vib-sensor,vibration,3.9
2025-12-17T19:04:48.173+00:00,vib-sensor,vibration,12.7
2025-12-17T19:04:59.183+00:00,vib-sensor,vibration,1.4
2025-12-17T19:05:10.191+00:00,vib-sensor,vibration,4.8
2025-12-17T19:05:21.201+00:00,vib-sensor,vibration,4
2025-12-17T19:05:32.209+00:00,vib-sensor,vibration,2.2
2025-12-17T19:06:00.222+00:00,vib-sensor,vibration,9.6
2025-12-17T19:06:11.231+00:00,vib-sensor,vibration,6.3
2025-12-17T19:06:22.241+00:00,vib-sensor,vibration,10.3
2025-12-17T19:06:33.250+00:00,vib-sensor,vibration,4.5
2025-12-17T19:06:44.259+00:00,vib-sensor,vibration,4.8
2025-12-17T19:06:55.269+00:00,vib-sensor,vibration,1
2025-12-17T19:07:39.289+00:00,vib-sensor,vibration,12.1
2025-12-17T19:07:50.298+00:00,vib-sensor,vibration,13.3
2025-12-17T19:08:07.308+00:00,vib-sensor,vibration,7
2025-12-17T19:08:18.318+00:00,vib-sensor,vibration,4.7
2025-12-17T19:08:40.331+00:00,vib-sensor,vibration,11.6
2025-12-17T19:08:51.339+00:00,vib-sensor,vibration,1.4
2025-12-17T19:09:02.349+00:00,vib-sensor,vibration,13.8
2025-12-17T19:09:25.359+00:00,vib-sensor,vibration,11.8
2025-12-17T19:09:36.369+00:00,vib-sensor,vibration,1.5
2025-12-17T19:09:47.378+00:00,vib-sensor,vibration,2.8
2025-12-17T19:09:58.388+00:00,vib-sensor,vibration,10.1
2025-12-17T19:10:20.402+00:00,vib-sensor,vibration,12.8
2025-12-17T19:10:31.412+00:00,vib-sensor,vibration,1.6
2025-12-17T19:10:42.422+00:00,vib-sensor,vibration,10.4
2025-12-17T19:11:04.435+00:00,vib-sensor,vibration,1
2025-12-17T19:11:43.453+00:00,vib-sensor,vibration,14.6
2025-12-17T19:12:05.468+00:00,vib-sensor,vibration,5.8
2025-12-17T19:12:28.867+00:00,vib-sensor,vibration,1.9
2025-12-17T19:12:50.879+00:00,vib-sensor,vibration,5
2025-12-17T19:13:01.888+00:00,vib-sensor,vibration,14
2025-12-17T19:13:12.897+00:00,vib-sensor,vibration,11.7
2025-12-17T19:13:23.907+00:00,vib-sensor,vibration,8.2
2025-12-17T19:13:34.917+00:00,vib-sensor,vibration,13.3
2025-12-17T19:13:51.926+00:00,vib-sensor,vibration,8.9
2025-12-17T19:14:19.947+00:00,vib-sensor,vibration,1.9
2025-12-17T19:14:47.960+00:00,vib-sensor,vibration,5.7
2025-12-17T19:15:09.973+00:00,vib-sensor,vibration,1.6
2025-12-17T19:15:20.983+00:00,vib-sensor,vibration,6.8
2025-12-17T19:15:42.995+00:00,vib-sensor,vibration,4.6
2025-12-17T19:16:16.014+00:00,vib-sensor,vibration,1.5
2025-12-17T19:16:27.024+00:00,vib-sensor,vibration,5.5
2025-12-17T19:16:38.033+00:00,vib-sensor,vibration,2.1
2025-12-17T19:16:49.042+00:00,vib-sensor,vibration,7.6
2025-12-17T19:17:11.056+00:00,vib-sensor,vibration,5
2025-12-17T19:17:34.868+00:00,vib-sensor,vibration,5.1
2025-12-17T19:17:56.880+00:00,vib-sensor,vibration,9.4
2025-12-17T19:18:18.893+00:00,vib-sensor,vibration,11.2
2025-12-17T19:18:29.904+00:00,vib-sensor,vibration,0.8
2025-12-17T19:18:40.913+00:00,vib-sensor,vibration,5.1
2025-12-17T19:19:26.928+00:00,vib-sensor,vibration,6.7
2025-12-17T19:19:37.938+00:00,vib-sensor,vibration,1.8
2025-12-17T19:19:48.948+00:00,vib-sensor,vibration,2.1
2025-12-17T19:19:59.956+00:00,vib-sensor,vibration,5.3
2025-12-17T19:20:10.965+00:00,vib-sensor,vibration,5.2
2025-12-17T19:20:21.975+00:00,vib-sensor,vibration,0.9
2025-12-17T19:20:54.992+00:00,vib-sensor,vibration,13.4
2025-12-17T19:21:28.010+00:00,vib-sensor,vibration,5.4
2025-12-17T19:21:39.018+00:00,vib-sensor,vibration,13.3
2025-12-17T19:21:50.027+00:00,vib-sensor,vibration,9.4
2025-12-17T19:22:12.040+00:00,vib-sensor,vibration,6.3
2025-12-17T19:22:23.048+00:00,vib-sensor,vibration,6.4
2025-12-17T19:22:56.066+00:00,vib-sensor,vibration,13.6
2025-12-17T19:23:42.092+00:00,vib-sensor,vibration,8.8
2025-12-17T19:24:04.104+00:00,vib-sensor,vibration,2.8
2025-12-17T19:24:15.114+00:00,vib-sensor,vibration,11.8
2025-12-17T19:24:26.123+00:00,vib-sensor,vibration,12.9
2025-12-17T19:24:37.132+00:00,vib-sensor,vibration,9.6
2025-12-17T19:25:05.145+00:00,vib-sensor,vibration,2.9
2025-12-17T19:25:16.152+00:00,vib-sensor,vibration,8.1
2025-12-17T19:25:38.163+00:00,vib-sensor,vibration,1.2
2025-12-17T19:25:49.173+00:00,vib-sensor,vibration,6
2025-12-17T19:26:00.182+00:00,vib-sensor,vibration,5.5
2025-12-17T19:26:11.192+00:00,vib-sensor,vibration,11.9
2025-12-17T19:26:22.202+00:00,vib-sensor,vibration,2.7
2025-12-17T19:26:44.215+00:00,vib-sensor,vibration,14.4
2025-12-17T19:26:55.225+00:00,vib-sensor,vibration,8.2
2025-12-17T19:27:17.238+00:00,vib-sensor,vibration,7.6
2025-12-17T19:27:28.246+00:00,vib-sensor,vibration,11.4
2025-12-17T19:27:39.256+00:00,vib-sensor,vibration,2.7
2025-12-17T19:27:50.265+00:00,vib-sensor,vibration,14.7
2025-12-17T19:28:12.278+00:00,vib-sensor,vibration,11.4
2025-12-17T19:28:23.287+00:00,vib-sensor,vibration,14
2025-12-17T19:28:45.300+00:00,vib-sensor,vibration,11.6
2025-12-17T19:28:56.310+00:00,vib-sensor,vibration,14.7
2025-12-17T19:28:57.859+00:00,vib-sensor,vibration,14.3
2025-12-17T19:29:30.875+00:00,vib-sensor,vibration,3.3
2025-12-17T19:29:52.888+00:00,vib-sensor,vibration,1.9
2025-12-17T19:30:03.896+00:00,vib-sensor,vibration,11.8
2025-12-17T19:30:25.909+00:00,vib-sensor,vibration,9.2
2025-12-17T19:30:42.918+00:00,vib-sensor,vibration,5.5
2025-12-17T19:31:21.941+00:00,vib-sensor,vibration,6
2025-12-17T19:31:32.949+00:00,vib-sensor,vibration,11.3
2025-12-17T19:31:43.958+00:00,vib-sensor,vibration,9.2
2025-12-17T19:31:54.967+00:00,vib-sensor,vibration,0.2
2025-12-17T19:32:16.980+00:00,vib-sensor,vibration,0.8
2025-12-17T19:32:49.999+00:00,vib-sensor,vibration,2.9
2025-12-17T19:33:18.014+00:00,vib-sensor,vibration,7.3
2025-12-17T19:33:29.024+00:00,vib-sensor,vibration,14.2
2025-12-17T19:34:14.042+00:00,vib-sensor,vibration,2
2025-12-17T19:34:36.055+00:00,vib-sensor,vibration,4.9
2025-12-17T19:34:58.068+00:00,vib-sensor,vibration,13.9
2025-12-17T19:35:09.076+00:00,vib-sensor,vibration,13.9
2025-12-17T19:35:37.090+00:00,vib-sensor,vibration,8.1
2025-12-17T19:35:48.099+00:00,vib-sensor,vibration,0.8
2025-12-17T19:35:59.108+00:00,vib-sensor,vibration,13.8
2025-12-17T19:36:21.121+00:00,vib-sensor,vibration,8.2
2025-12-17T19:36:32.129+00:00,vib-sensor,vibration,8.8
2025-12-17T19:36:43.139+00:00,vib-sensor,vibration,5.4
2025-12-17T19:36:54.148+00:00,vib-sensor,vibration,1.9
2025-12-17T19:37:05.157+00:00,vib-sensor,vibration,13.7
2025-12-17T19:37:27.169+00:00,vib-sensor,vibration,6.5
2025-12-17T19:38:04.188+00:00,vib-sensor,vibration,8.6
2025-12-17T19:38:26.200+00:00,vib-sensor,vibration,9.3
2025-12-17T19:38:48.212+00:00,vib-sensor,vibration,11.1
2025-12-17T19:39:10.226+00:00,vib-sensor,vibration,3.9
2025-12-17T19:39:21.235+00:00,vib-sensor,vibration,11.9
2025-12-17T19:39:43.249+00:00,vib-sensor,vibration,9.7
2025-12-17T19:40:05.263+00:00,vib-sensor,vibration,8.9
2025-12-17T19:40:16.272+00:00,vib-sensor,vibration,7.6
2025-12-17T19:40:27.281+00:00,vib-sensor,vibration,7.8
2025-12-17T19:40:38.290+00:00,vib-sensor,vibration,2
2025-12-17T19:41:11.306+00:00,vib-sensor,vibration,0.3
2025-12-17T19:41:34.872+00:00,vib-sensor,vibration,2.4
2025-12-17T19:42:18.892+00:00,vib-sensor,vibration,10.2
2025-12-17T19:42:46.906+00:00,vib-sensor,vibration,2.1
2025-12-17T19:43:08.919+00:00,vib-sensor,vibration,4.9
2025-12-17T19:43:19.928+00:00,vib-sensor,vibration,3.6
2025-12-17T19:43:41.939+00:00,vib-sensor,vibration,4.4
2025-12-17T19:44:03.952+00:00,vib-sensor,vibration,4.3
2025-12-17T19:44:36.968+00:00,vib-sensor,vibration,3
2025-12-17T19:44:58.982+00:00,vib-sensor,vibration,3.9
2025-12-17T19:45:09.992+00:00,vib-sensor,vibration,9.6
2025-12-17T19:45:45.006+00:00,vib-sensor,vibration,6.5
2025-12-17T19:46:02.017+00:00,vib-sensor,vibration,12.9
2025-12-17T19:46:13.025+00:00,vib-sensor,vibration,6.7
2025-12-17T19:46:35.038+00:00,vib-sensor,vibration,0.2
2025-12-17T19:46:36.038+00:00,vib-sensor,vibration,5.7
2025-12-17T19:46:58.051+00:00,vib-sensor,vibration,10.3
2025-12-17T19:47:09.060+00:00,vib-sensor,vibration,2.7
2025-12-17T19:47:31.075+00:00,vib-sensor,vibration,0.3
2025-12-17T19:47:53.091+00:00,vib-sensor,vibration,1.8
2025-12-17T19:48:15.103+00:00,vib-sensor,vibration,7.5
2025-12-17T19:48:16.103+00:00,vib-sensor,vibration,12
2025-12-17T19:48:17.859+00:00,vib-sensor,vibration,14.9
2025-12-17T19:48:39.871+00:00,vib-sensor,vibration,9.5
2025-12-17T19:48:50.880+00:00,vib-sensor,vibration,3.4
2025-12-17T19:49:12.894+00:00,vib-sensor,vibration,4
2025-12-17T19:49:45.912+00:00,vib-sensor,vibration,4.1
2025-12-17T19:50:07.924+00:00,vib-sensor,vibration,3
2025-12-17T19:50:35.939+00:00,vib-sensor,vibration,10.8
2025-12-17T19:50:46.948+00:00,vib-sensor,vibration,0.6
2025-12-17T19:50:57.959+00:00,vib-sensor,vibration,7.6
2025-12-17T19:51:30.977+00:00,vib-sensor,vibration,14.1
2025-12-17T19:52:03.994+00:00,vib-sensor,vibration,7.5
2025-12-17T19:52:26.008+00:00,vib-sensor,vibration,6.2
2025-12-17T19:52:27.859+00:00,vib-sensor,vibration,8.8
2025-12-17T19:52:49.870+00:00,vib-sensor,vibration,6.3
2025-12-17T19:53:00.880+00:00,vib-sensor,vibration,10.9
2025-12-17T19:53:11.889+00:00,vib-sensor,vibration,7.4
2025-12-17T19:53:44.906+00:00,vib-sensor,vibration,14.8
2025-12-17T19:54:17.923+00:00,vib-sensor,vibration,2
2025-12-17T19:54:28.931+00:00,vib-sensor,vibration,14.6
2025-12-17T19:54:39.939+00:00,vib-sensor,vibration,0.1
2025-12-17T19:54:50.948+00:00,vib-sensor,vibration,14.4
2025-12-17T19:55:12.961+00:00,vib-sensor,vibration,2.1
2025-12-17T19:55:23.971+00:00,vib-sensor,vibration,2.2
2025-12-17T19:55:34.981+00:00,vib-sensor,vibration,4.3
2025-12-17T19:55:56.995+00:00,vib-sensor,vibration,13.8
2025-12-17T19:56:08.004+00:00,vib-sensor,vibration,9.4
2025-12-17T19:56:25.014+00:00,vib-sensor,vibration,11.2
2025-12-19T18:09:54.660+00:00,vib-sensor,vibration,14.4
2025-12-19T18:10:16.681+00:00,vib-sensor,vibration,0.7
2025-12-19T18:10:27.691+00:00,vib-sensor,vibration,11
2025-12-19T18:10:38.701+00:00,vib-sensor,vibration,10.3
2025-12-19T18:10:49.711+00:00,vib-sensor,vibration,0.8
2025-12-19T18:11:00.721+00:00,vib-sensor,vibration,3
2025-12-19T18:11:11.730+00:00,vib-sensor,vibration,5.4
2025-12-19T18:11:33.743+00:00,vib-sensor,vibration,10.2
2025-12-19T18:11:44.752+00:00,vib-sensor,vibration,12.5
2025-12-19T18:11:55.761+00:00,vib-sensor,vibration,9.9
2025-12-19T18:12:06.771+00:00,vib-sensor,vibration,1.4
2025-12-19T18:12:17.783+00:00,vib-sensor,vibration,14.5
2025-12-19T18:12:28.794+00:00,vib-sensor,vibration,7.1
2025-12-19T18:12:50.807+00:00,vib-sensor,vibration,6.4
2025-12-19T18:13:01.818+00:00,vib-sensor,vibration,9
2025-12-19T18:13:29.833+00:00,vib-sensor,vibration,10.4
2025-12-19T18:13:40.842+00:00,vib-sensor,vibration,2.9
2025-12-19T18:13:51.852+00:00,vib-sensor,vibration,1.1
2025-12-19T18:14:30.879+00:00,vib-sensor,vibration,8.6
2025-12-19T18:14:32.659+00:00,vib-sensor,vibration,6.6
2025-12-19T18:15:00.674+00:00,vib-sensor,vibration,14.2
2025-12-19T18:15:22.685+00:00,vib-sensor,vibration,14.5
2025-12-19T18:15:39.694+00:00,vib-sensor,vibration,3.2
2025-12-19T18:15:50.702+00:00,vib-sensor,vibration,7.8
2025-12-19T18:15:52.658+00:00,vib-sensor,vibration,12.1
2025-12-19T18:16:25.674+00:00,vib-sensor,vibration,11.4
2025-12-19T18:16:36.684+00:00,vib-sensor,vibration,7.2
2025-12-19T18:16:47.695+00:00,vib-sensor,vibration,7.1
2025-12-19T18:16:58.705+00:00,vib-sensor,vibration,4.1
2025-12-19T18:17:54.729+00:00,vib-sensor,vibration,5.6
2025-12-19T18:18:05.740+00:00,vib-sensor,vibration,13.3
2025-12-19T18:18:16.750+00:00,vib-sensor,vibration,13.3
2025-12-19T18:18:38.763+00:00,vib-sensor,vibration,2.9
2025-12-19T18:19:00.776+00:00,vib-sensor,vibration,11.3
2025-12-19T18:19:23.789+00:00,vib-sensor,vibration,1.1
2025-12-19T18:19:45.803+00:00,vib-sensor,vibration,10.9
2025-12-19T18:19:56.812+00:00,vib-sensor,vibration,11.9
2025-12-19T18:20:07.822+00:00,vib-sensor,vibration,0.2
2025-12-19T18:20:18.831+00:00,vib-sensor,vibration,9.2
2025-12-19T18:20:29.840+00:00,vib-sensor,vibration,6.4
2025-12-19T18:20:40.849+00:00,vib-sensor,vibration,10.7
2025-12-19T18:21:02.863+00:00,vib-sensor,vibration,9.8
2025-12-19T18:21:13.874+00:00,vib-sensor,vibration,3.5
2025-12-19T18:21:24.883+00:00,vib-sensor,vibration,13.4
2025-12-19T18:21:36.892+00:00,vib-sensor,vibration,13.6
2025-12-19T18:21:47.901+00:00,vib-sensor,vibration,11.1
2025-12-19T18:22:09.915+00:00,vib-sensor,vibration,4.7
2025-12-19T18:22:20.925+00:00,vib-sensor,vibration,0
2025-12-19T18:22:32.936+00:00,vib-sensor,vibration,6.1
2025-12-19T18:22:43.947+00:00,vib-sensor,vibration,8.9
2025-12-19T18:23:05.961+00:00,vib-sensor,vibration,0.5
2025-12-19T18:23:27.976+00:00,vib-sensor,vibration,13.4
2025-12-19T18:23:38.985+00:00,vib-sensor,vibration,8.5
2025-12-19T18:23:49.996+00:00,vib-sensor,vibration,7.6
2025-12-19T18:24:01.007+00:00,vib-sensor,vibration,11.8
2025-12-19T18:24:12.017+00:00,vib-sensor,vibration,0.9
2025-12-19T18:24:34.032+00:00,vib-sensor,vibration,0.9
2025-12-19T18:24:56.046+00:00,vib-sensor,vibration,7.6
2025-12-19T18:24:57.047+00:00,vib-sensor,vibration,6.6
2025-12-19T18:25:08.057+00:00,vib-sensor,vibration,14.1
2025-12-19T18:25:19.067+00:00,vib-sensor,vibration,7.1
2025-12-19T18:25:30.076+00:00,vib-sensor,vibration,13
2025-12-19T18:25:52.088+00:00,vib-sensor,vibration,14
2025-12-19T18:26:03.097+00:00,vib-sensor,vibration,14.7
2025-12-19T18:26:20.106+00:00,vib-sensor,vibration,4.1
2025-12-19T18:26:31.116+00:00,vib-sensor,vibration,10.6
2025-12-19T18:26:53.129+00:00,vib-sensor,vibration,6.9
2025-12-19T18:27:21.152+00:00,vib-sensor,vibration,9.3
2025-12-19T18:27:32.163+00:00,vib-sensor,vibration,2.9
2025-12-19T18:27:54.177+00:00,vib-sensor,vibration,2.3
2025-12-19T18:28:05.189+00:00,vib-sensor,vibration,10.7
2025-12-19T18:28:38.207+00:00,vib-sensor,vibration,0.2
2025-12-19T18:29:00.223+00:00,vib-sensor,vibration,7.3
2025-12-19T18:29:11.233+00:00,vib-sensor,vibration,7.2
2025-12-19T18:29:33.246+00:00,vib-sensor,vibration,10.1
2025-12-19T18:29:56.260+00:00,vib-sensor,vibration,5.5
2025-12-19T18:30:07.271+00:00,vib-sensor,vibration,7
2025-12-19T18:30:29.284+00:00,vib-sensor,vibration,9.1
2025-12-19T18:30:51.298+00:00,vib-sensor,vibration,2.1
2025-12-19T18:31:02.307+00:00,vib-sensor,vibration,7.3
2025-12-19T18:31:13.317+00:00,vib-sensor,vibration,13.7
2025-12-19T18:31:35.330+00:00,vib-sensor,vibration,1.4
2025-12-19T18:31:57.342+00:00,vib-sensor,vibration,14.1
2025-12-19T18:32:08.352+00:00,vib-sensor,vibration,0.8
2025-12-19T18:32:19.362+00:00,vib-sensor,vibration,6.8
2025-12-19T18:32:41.375+00:00,vib-sensor,vibration,7.5
2025-12-19T18:32:52.386+00:00,vib-sensor,vibration,9.1
2025-12-19T18:33:25.404+00:00,vib-sensor,vibration,2.2
2025-12-19T18:33:47.417+00:00,vib-sensor,vibration,10.5
2025-12-19T18:34:31.439+00:00,vib-sensor,vibration,10.1
2025-12-19T18:34:53.452+00:00,vib-sensor,vibration,14.8
2025-12-19T18:35:04.461+00:00,vib-sensor,vibration,9.2
2025-12-19T18:35:05.462+00:00,vib-sensor,vibration,7.9
2025-12-19T18:35:27.474+00:00,vib-sensor,vibration,9.5
2025-12-19T18:35:43.484+00:00,vib-sensor,vibration,6.8
2025-12-19T18:35:54.493+00:00,vib-sensor,vibration,7.2
2025-12-19T18:36:22.507+00:00,vib-sensor,vibration,2.2
2025-12-19T18:36:44.521+00:00,vib-sensor,vibration,6.5
2025-12-19T18:37:06.534+00:00,vib-sensor,vibration,7.4
2025-12-19T18:37:45.560+00:00,vib-sensor,vibration,3.4
2025-12-19T18:38:07.572+00:00,vib-sensor,vibration,2.5
2025-12-19T18:38:29.587+00:00,vib-sensor,vibration,12
2025-12-19T18:39:08.611+00:00,vib-sensor,vibration,0.7
2025-12-19T18:39:19.621+00:00,vib-sensor,vibration,5.6
2025-12-19T18:39:41.633+00:00,vib-sensor,vibration,2.5
2025-12-19T18:39:52.643+00:00,vib-sensor,vibration,4.3
2025-12-19T18:40:14.656+00:00,vib-sensor,vibration,14.9
2025-12-19T18:40:36.668+00:00,vib-sensor,vibration,2.9
2025-12-19T18:41:09.685+00:00,vib-sensor,vibration,10.2
2025-12-19T18:41:10.686+00:00,vib-sensor,vibration,13.3
2025-12-19T18:41:38.701+00:00,vib-sensor,vibration,4.6
2025-12-19T18:41:49.711+00:00,vib-sensor,vibration,11.4
2025-12-19T18:42:00.721+00:00,vib-sensor,vibration,9.7
2025-12-19T18:42:22.734+00:00,vib-sensor,vibration,8.8
2025-12-19T18:42:33.743+00:00,vib-sensor,vibration,0.2
2025-12-19T18:42:55.757+00:00,vib-sensor,vibration,13.6
2025-12-19T18:43:17.772+00:00,vib-sensor,vibration,0.4
2025-12-19T18:43:28.781+00:00,vib-sensor,vibration,1.5
2025-12-19T18:43:39.790+00:00,vib-sensor,vibration,14.5
2025-12-19T18:43:56.800+00:00,vib-sensor,vibration,7.9
2025-12-19T18:44:19.815+00:00,vib-sensor,vibration,3.3
2025-12-19T18:44:30.824+00:00,vib-sensor,vibration,8.5
2025-12-19T18:44:41.834+00:00,vib-sensor,vibration,6.2
2025-12-19T18:45:03.848+00:00,vib-sensor,vibration,8.9
2025-12-19T18:45:14.858+00:00,vib-sensor,vibration,8.4
2025-12-19T18:45:25.869+00:00,vib-sensor,vibration,12.7
2025-12-19T18:45:47.885+00:00,vib-sensor,vibration,7.7
2025-12-19T18:45:58.896+00:00,vib-sensor,vibration,9.3
2025-12-19T18:46:09.906+00:00,vib-sensor,vibration,1.4
2025-12-19T18:46:10.907+00:00,vib-sensor,vibration,4.8
2025-12-19T18:46:32.923+00:00,vib-sensor,vibration,4.1
2025-12-19T18:46:43.932+00:00,vib-sensor,vibration,7.7
2025-12-19T18:46:54.943+00:00,vib-sensor,vibration,0.4
2025-12-19T18:47:05.954+00:00,vib-sensor,vibration,5.6
2025-12-19T18:47:16.968+00:00,vib-sensor,vibration,1.6
2025-12-19T18:47:38.981+00:00,vib-sensor,vibration,7.7
2025-12-19T18:48:00.997+00:00,vib-sensor,vibration,8.3
2025-12-19T18:48:12.007+00:00,vib-sensor,vibration,7.7
2025-12-19T18:48:23.018+00:00,vib-sensor,vibration,1.3
2025-12-19T18:48:34.027+00:00,vib-sensor,vibration,4.2
2025-12-19T18:48:56.043+00:00,vib-sensor,vibration,12.6
2025-12-19T18:49:07.053+00:00,vib-sensor,vibration,6.5
2025-12-19T18:49:18.063+00:00,vib-sensor,vibration,3.7
2025-12-19T18:49:19.063+00:00,vib-sensor,vibration,14.8
2025-12-19T18:49:53.079+00:00,vib-sensor,vibration,8.6
2025-12-19T18:50:15.093+00:00,vib-sensor,vibration,4.7
2025-12-19T18:50:26.103+00:00,vib-sensor,vibration,7.5
2025-12-19T18:50:48.115+00:00,vib-sensor,vibration,3.5
2025-12-19T18:50:59.123+00:00,vib-sensor,vibration,9.6
2025-12-19T18:51:10.133+00:00,vib-sensor,vibration,7.2
2025-12-19T18:51:32.145+00:00,vib-sensor,vibration,13.8
2025-12-19T18:51:54.158+00:00,vib-sensor,vibration,2.6
2025-12-19T18:52:05.168+00:00,vib-sensor,vibration,5.8
2025-12-19T18:52:16.177+00:00,vib-sensor,vibration,10.7
2025-12-19T18:52:27.188+00:00,vib-sensor,vibration,2.1
2025-12-19T18:52:49.203+00:00,vib-sensor,vibration,13
2025-12-19T18:53:00.215+00:00,vib-sensor,vibration,2.3
2025-12-19T18:53:28.239+00:00,vib-sensor,vibration,4.4
2025-12-19T18:53:39.249+00:00,vib-sensor,vibration,12.3
2025-12-19T18:54:01.264+00:00,vib-sensor,vibration,10.6
2025-12-19T18:54:12.274+00:00,vib-sensor,vibration,3.9
2025-12-19T18:54:34.288+00:00,vib-sensor,vibration,10.5
2025-12-19T18:54:56.302+00:00,vib-sensor,vibration,2.8
2025-12-19T18:55:07.312+00:00,vib-sensor,vibration,10.7
2025-12-19T18:55:18.321+00:00,vib-sensor,vibration,10.6
2025-12-19T18:55:46.335+00:00,vib-sensor,vibration,0.5
2025-12-19T18:55:57.344+00:00,vib-sensor,vibration,2.4
2025-12-19T18:56:19.358+00:00,vib-sensor,vibration,2.2
2025-12-19T18:56:36.368+00:00,vib-sensor,vibration,8.2
2025-12-19T18:56:47.378+00:00,vib-sensor,vibration,1.8
2025-12-19T18:56:58.388+00:00,vib-sensor,vibration,7.1
2025-12-19T18:57:09.396+00:00,vib-sensor,vibration,5.5
2025-12-19T18:57:20.407+00:00,vib-sensor,vibration,6.3
2025-12-19T18:57:31.416+00:00,vib-sensor,vibration,14.1
2025-12-19T18:57:42.425+00:00,vib-sensor,vibration,14.8
2025-12-19T18:57:53.435+00:00,vib-sensor,vibration,8.7
2025-12-19T18:58:04.446+00:00,vib-sensor,vibration,7.3
2025-12-19T18:58:21.457+00:00,vib-sensor,vibration,13.4
2025-12-19T18:58:32.466+00:00,vib-sensor,vibration,8
2025-12-19T18:58:54.480+00:00,vib-sensor,vibration,9.2
2025-12-19T18:59:05.490+00:00,vib-sensor,vibration,11.7
2025-12-19T18:59:16.499+00:00,vib-sensor,vibration,7.9
2025-12-19T18:59:38.513+00:00,vib-sensor,vibration,12.4
2025-12-19T18:59:49.521+00:00,vib-sensor,vibration,12.8
2025-12-19T19:00:07.531+00:00,vib-sensor,vibration,2.8
2025-12-19T19:00:18.541+00:00,vib-sensor,vibration,14.8
2025-12-19T19:00:29.549+00:00,vib-sensor,vibration,2.2
2025-12-19T19:00:56.564+00:00,vib-sensor,vibration,14.5
2025-12-19T19:01:07.573+00:00,vib-sensor,vibration,10.2
2025-12-19T19:01:57.599+00:00,vib-sensor,vibration,10.5
2025-12-19T19:02:19.612+00:00,vib-sensor,vibration,3.5
2025-12-19T19:02:30.622+00:00,vib-sensor,vibration,4
2025-12-19T19:02:52.639+00:00,vib-sensor,vibration,7.7
2025-12-19T19:03:14.652+00:00,vib-sensor,vibration,7.9
2025-12-19T19:03:25.662+00:00,vib-sensor,vibration,8.7
2025-12-19T19:03:36.671+00:00,vib-sensor,vibration,2.7
2025-12-19T19:03:58.685+00:00,vib-sensor,vibration,6.4
2025-12-19T19:04:49.710+00:00,vib-sensor,vibration,7.6
2025-12-19T19:05:00.719+00:00,vib-sensor,vibration,0.6
2025-12-19T19:05:22.733+00:00,vib-sensor,vibration,11.8
2025-12-19T19:05:24.659+00:00,vib-sensor,vibration,13.6
2025-12-19T19:05:35.667+00:00,vib-sensor,vibration,6.8
2025-12-19T19:05:57.680+00:00,vib-sensor,vibration,6.7
2025-12-19T19:06:08.689+00:00,vib-sensor,vibration,1.2
2025-12-19T19:06:19.698+00:00,vib-sensor,vibration,0.2
2025-12-19T19:06:41.712+00:00,vib-sensor,vibration,14
2025-12-19T19:07:20.736+00:00,vib-sensor,vibration,0.1
2025-12-19T19:07:42.748+00:00,vib-sensor,vibration,2.4
2025-12-19T19:08:04.761+00:00,vib-sensor,vibration,11.9
2025-12-19T19:08:27.770+00:00,vib-sensor,vibration,10.5
2025-12-19T19:08:51.666+00:00,vib-sensor,vibration,11.1
2025-12-19T19:09:13.678+00:00,vib-sensor,vibration,14.1
2025-12-19T19:09:24.687+00:00,vib-sensor,vibration,12.4
2025-12-19T19:09:35.698+00:00,vib-sensor,vibration,11.8
2025-12-19T19:09:46.708+00:00,vib-sensor,vibration,3.1
2025-12-19T19:09:57.718+00:00,vib-sensor,vibration,2
2025-12-19T19:10:19.732+00:00,vib-sensor,vibration,9.2
2025-12-19T19:10:41.745+00:00,vib-sensor,vibration,1
2025-12-19T19:11:14.762+00:00,vib-sensor,vibration,8.2
2025-12-19T19:11:25.771+00:00,vib-sensor,vibration,8.8
2025-12-19T19:11:47.784+00:00,vib-sensor,vibration,13.3
2025-12-19T19:11:48.785+00:00,vib-sensor,vibration,9.2
2025-12-19T19:12:10.797+00:00,vib-sensor,vibration,5.2
2025-12-19T19:12:32.810+00:00,vib-sensor,vibration,13.9
2025-12-19T19:12:54.825+00:00,vib-sensor,vibration,4
2025-12-19T19:12:56.659+00:00,vib-sensor,vibration,14
2025-12-19T19:13:18.671+00:00,vib-sensor,vibration,8
2025-12-19T19:13:29.681+00:00,vib-sensor,vibration,4.6
2025-12-19T19:13:40.691+00:00,vib-sensor,vibration,13.3
2025-12-19T19:14:02.705+00:00,vib-sensor,vibration,5
2025-12-19T19:14:41.728+00:00,vib-sensor,vibration,9.1
2025-12-19T19:15:03.742+00:00,vib-sensor,vibration,8.3
2025-12-19T19:15:25.754+00:00,vib-sensor,vibration,0.7
2025-12-19T19:15:42.764+00:00,vib-sensor,vibration,11.9
2025-12-19T19:16:32.790+00:00,vib-sensor,vibration,13.8
2025-12-19T19:17:11.813+00:00,vib-sensor,vibration,1.1
2025-12-19T19:17:22.823+00:00,vib-sensor,vibration,11.3
2025-12-19T19:17:33.832+00:00,vib-sensor,vibration,0.9
2025-12-19T19:17:44.839+00:00,vib-sensor,vibration,5.1
2025-12-19T19:18:01.849+00:00,vib-sensor,vibration,11.7
2025-12-19T19:18:18.860+00:00,vib-sensor,vibration,14.6
2025-12-19T19:18:29.868+00:00,vib-sensor,vibration,11.6
2025-12-19T19:18:40.877+00:00,vib-sensor,vibration,11.5
2025-12-19T19:18:51.886+00:00,vib-sensor,vibration,4.6
2025-12-19T19:19:02.894+00:00,vib-sensor,vibration,14.4
2025-12-19T19:19:04.659+00:00,vib-sensor,vibration,11.4
2025-12-19T19:19:26.672+00:00,vib-sensor,vibration,10.7
2025-12-19T19:20:05.696+00:00,vib-sensor,vibration,6.6
2025-12-19T19:22:59.434+00:00,vib-sensor,vibration,12.8
2025-12-19T19:23:10.444+00:00,vib-sensor,vibration,7.3
2025-12-19T19:23:21.454+00:00,vib-sensor,vibration,10.4
2025-12-19T19:23:32.463+00:00,vib-sensor,vibration,2.8
2025-12-19T19:23:43.471+00:00,vib-sensor,vibration,14.2
2025-12-19T19:23:54.482+00:00,vib-sensor,vibration,8
2025-12-19T19:24:05.492+00:00,vib-sensor,vibration,8.4
2025-12-19T19:24:16.503+00:00,vib-sensor,vibration,8.3
2025-12-19T19:24:38.515+00:00,vib-sensor,vibration,9.8
2025-12-19T19:25:00.529+00:00,vib-sensor,vibration,13.7
2025-12-19T19:25:50.555+00:00,vib-sensor,vibration,14.1
2025-12-19T19:25:51.555+00:00,vib-sensor,vibration,0.8
2025-12-19T19:26:13.568+00:00,vib-sensor,vibration,6.9
2025-12-19T19:26:24.578+00:00,vib-sensor,vibration,7.9
2025-12-19T19:26:52.599+00:00,vib-sensor,vibration,14.3
2025-12-19T19:27:14.613+00:00,vib-sensor,vibration,5.5
2025-12-19T19:27:36.626+00:00,vib-sensor,vibration,7.5
2025-12-19T19:27:47.635+00:00,vib-sensor,vibration,14
2025-12-19T19:28:09.650+00:00,vib-sensor,vibration,1.2
2025-12-19T19:28:26.660+00:00,vib-sensor,vibration,5.7
2025-12-19T19:28:37.670+00:00,vib-sensor,vibration,0.6
2025-12-19T19:28:48.679+00:00,vib-sensor,vibration,3
2025-12-19T19:29:10.692+00:00,vib-sensor,vibration,3.6
2025-12-19T19:29:52.451+00:00,vib-sensor,vibration,9.1
2025-12-19T19:30:14.465+00:00,vib-sensor,vibration,7.6
2025-12-19T19:30:42.479+00:00,vib-sensor,vibration,5
2025-12-19T19:30:53.489+00:00,vib-sensor,vibration,14.1
2025-12-19T19:31:43.509+00:00,vib-sensor,vibration,4.3
2025-12-19T19:31:54.519+00:00,vib-sensor,vibration,7.7
2025-12-19T19:32:27.540+00:00,vib-sensor,vibration,11.8
2025-12-19T19:32:38.548+00:00,vib-sensor,vibration,0.9
2025-12-19T19:33:00.562+00:00,vib-sensor,vibration,1.9
2025-12-19T19:33:22.574+00:00,vib-sensor,vibration,10.8
2025-12-19T19:33:44.585+00:00,vib-sensor,vibration,12.6
2025-12-19T19:34:06.599+00:00,vib-sensor,vibration,4.5
2025-12-19T19:34:17.607+00:00,vib-sensor,vibration,12.2
2025-12-19T19:34:34.617+00:00,vib-sensor,vibration,3.8
2025-12-19T19:34:45.627+00:00,vib-sensor,vibration,10.4
2025-12-19T19:35:07.641+00:00,vib-sensor,vibration,2.3
2025-12-19T19:35:29.654+00:00,vib-sensor,vibration,1.2
2025-12-19T19:35:40.662+00:00,vib-sensor,vibration,5.8
2025-12-19T19:36:02.675+00:00,vib-sensor,vibration,5.6
2025-12-19T19:36:13.685+00:00,vib-sensor,vibration,2.1
2025-12-19T19:36:24.695+00:00,vib-sensor,vibration,0.4
2025-12-19T19:36:35.704+00:00,vib-sensor,vibration,12.4
2025-12-19T19:36:46.714+00:00,vib-sensor,vibration,1.3
2025-12-19T19:37:08.727+00:00,vib-sensor,vibration,7.9
2025-12-19T19:38:00.470+00:00,vib-sensor,vibration,6
2025-12-19T19:38:23.482+00:00,vib-sensor,vibration,14.2
2025-12-19T19:38:45.494+00:00,vib-sensor,vibration,4
2025-12-19T19:38:47.434+00:00,vib-sensor,vibration,13.2
2025-12-19T19:38:58.444+00:00,vib-sensor,vibration,1
2025-12-19T19:39:20.457+00:00,vib-sensor,vibration,10.3
2025-12-19T19:39:42.476+00:00,vib-sensor,vibration,3.2
2025-12-19T19:39:53.485+00:00,vib-sensor,vibration,3.8
2025-12-19T19:40:04.495+00:00,vib-sensor,vibration,5.1
2025-12-19T19:40:37.512+00:00,vib-sensor,vibration,6.5
2025-12-19T19:40:59.527+00:00,vib-sensor,vibration,3.7
2025-12-19T19:41:21.540+00:00,vib-sensor,vibration,14.2
2025-12-19T19:41:32.549+00:00,vib-sensor,vibration,3.4
2025-12-19T19:41:43.558+00:00,vib-sensor,vibration,12.1
2025-12-19T19:42:05.571+00:00,vib-sensor,vibration,6.1
2025-12-19T19:42:27.585+00:00,vib-sensor,vibration,5
2025-12-19T19:42:52.442+00:00,vib-sensor,vibration,1.9
2025-12-19T19:43:03.451+00:00,vib-sensor,vibration,1.8
2025-12-19T19:43:43.466+00:00,vib-sensor,vibration,6.3
